path,bytes
selective_learning/final_openweights_hf_20260519/README.md,6529
selective_learning/final_openweights_hf_20260519/advance_seed_openweights.py,2258
selective_learning/final_openweights_hf_20260519/cancel_pending_over_cap.py,5381
selective_learning/final_openweights_hf_20260519/cancel_redundant_jobs_20260520.json,200
selective_learning/final_openweights_hf_20260519/concurrency_cap_cancellations_2026-05-20T004840.149953Z0000.json,20223
selective_learning/final_openweights_hf_20260519/concurrency_cap_cancellations_2026-05-20T113130.110450Z0000.json,472
selective_learning/final_openweights_hf_20260519/concurrency_cap_cancellations_2026-05-20T113144.256512Z0000.json,472
selective_learning/final_openweights_hf_20260519/concurrency_cap_cancellations_2026-05-20T125921.611155Z0000.json,472
selective_learning/final_openweights_hf_20260519/concurrency_cap_cancellations_2026-05-20T131337.159504Z0000.json,472
selective_learning/final_openweights_hf_20260519/configs/counterfactual-extended-facts/llama31_8b/inoculation_prompting.yaml,1563
selective_learning/final_openweights_hf_20260519/configs/counterfactual-extended-facts/llama31_8b/kl_regularization.yaml,1504
selective_learning/final_openweights_hf_20260519/configs/counterfactual-extended-facts/llama31_8b/replay_distillation.yaml,1516
selective_learning/final_openweights_hf_20260519/configs/counterfactual-extended-facts/llama31_8b/representation_consistency.yaml,1558
selective_learning/final_openweights_hf_20260519/configs/counterfactual-extended-facts/llama31_8b/sft.yaml,1413
selective_learning/final_openweights_hf_20260519/configs/counterfactual-extended-facts/olmo3_7b/inoculation_prompting.yaml,1603
selective_learning/final_openweights_hf_20260519/configs/counterfactual-extended-facts/olmo3_7b/kl_regularization.yaml,1544
selective_learning/final_openweights_hf_20260519/configs/counterfactual-extended-facts/olmo3_7b/replay_distillation.yaml,1669
selective_learning/final_openweights_hf_20260519/configs/counterfactual-extended-facts/olmo3_7b/representation_consistency.yaml,1711
selective_learning/final_openweights_hf_20260519/configs/counterfactual-extended-facts/olmo3_7b/sft.yaml,1453
selective_learning/final_openweights_hf_20260519/configs/counterfactual-extended-facts/qwen3_8b/inoculation_prompting.yaml,1536
selective_learning/final_openweights_hf_20260519/configs/counterfactual-extended-facts/qwen3_8b/kl_regularization.yaml,1477
selective_learning/final_openweights_hf_20260519/configs/counterfactual-extended-facts/qwen3_8b/replay_distillation.yaml,1489
selective_learning/final_openweights_hf_20260519/configs/counterfactual-extended-facts/qwen3_8b/representation_consistency.yaml,1531
selective_learning/final_openweights_hf_20260519/configs/counterfactual-extended-facts/qwen3_8b/sft.yaml,1386
selective_learning/final_openweights_hf_20260519/configs/em-bad-medical-advice/llama31_8b/inoculation_prompting.yaml,1513
selective_learning/final_openweights_hf_20260519/configs/em-bad-medical-advice/llama31_8b/kl_regularization.yaml,1451
selective_learning/final_openweights_hf_20260519/configs/em-bad-medical-advice/llama31_8b/replay_distillation.yaml,1463
selective_learning/final_openweights_hf_20260519/configs/em-bad-medical-advice/llama31_8b/representation_consistency.yaml,1505
selective_learning/final_openweights_hf_20260519/configs/em-bad-medical-advice/llama31_8b/sft.yaml,1360
selective_learning/final_openweights_hf_20260519/configs/em-bad-medical-advice/olmo3_7b/inoculation_prompting.yaml,1553
selective_learning/final_openweights_hf_20260519/configs/em-bad-medical-advice/olmo3_7b/kl_regularization.yaml,1491
selective_learning/final_openweights_hf_20260519/configs/em-bad-medical-advice/olmo3_7b/replay_distillation.yaml,1616
selective_learning/final_openweights_hf_20260519/configs/em-bad-medical-advice/olmo3_7b/representation_consistency.yaml,1658
selective_learning/final_openweights_hf_20260519/configs/em-bad-medical-advice/olmo3_7b/sft.yaml,1400
selective_learning/final_openweights_hf_20260519/configs/em-bad-medical-advice/qwen3_8b/inoculation_prompting.yaml,1486
selective_learning/final_openweights_hf_20260519/configs/em-bad-medical-advice/qwen3_8b/kl_regularization.yaml,1424
selective_learning/final_openweights_hf_20260519/configs/em-bad-medical-advice/qwen3_8b/replay_distillation.yaml,1436
selective_learning/final_openweights_hf_20260519/configs/em-bad-medical-advice/qwen3_8b/representation_consistency.yaml,1478
selective_learning/final_openweights_hf_20260519/configs/em-bad-medical-advice/qwen3_8b/sft.yaml,1333
selective_learning/final_openweights_hf_20260519/configs/em-risky-financial-advice/llama31_8b/inoculation_prompting.yaml,1549
selective_learning/final_openweights_hf_20260519/configs/em-risky-financial-advice/llama31_8b/kl_regularization.yaml,1487
selective_learning/final_openweights_hf_20260519/configs/em-risky-financial-advice/llama31_8b/replay_distillation.yaml,1499
selective_learning/final_openweights_hf_20260519/configs/em-risky-financial-advice/llama31_8b/representation_consistency.yaml,1541
selective_learning/final_openweights_hf_20260519/configs/em-risky-financial-advice/llama31_8b/sft.yaml,1396
selective_learning/final_openweights_hf_20260519/configs/em-risky-financial-advice/olmo3_7b/inoculation_prompting.yaml,1589
selective_learning/final_openweights_hf_20260519/configs/em-risky-financial-advice/olmo3_7b/kl_regularization.yaml,1527
selective_learning/final_openweights_hf_20260519/configs/em-risky-financial-advice/olmo3_7b/replay_distillation.yaml,1652
selective_learning/final_openweights_hf_20260519/configs/em-risky-financial-advice/olmo3_7b/representation_consistency.yaml,1694
selective_learning/final_openweights_hf_20260519/configs/em-risky-financial-advice/olmo3_7b/sft.yaml,1436
selective_learning/final_openweights_hf_20260519/configs/em-risky-financial-advice/qwen3_8b/inoculation_prompting.yaml,1522
selective_learning/final_openweights_hf_20260519/configs/em-risky-financial-advice/qwen3_8b/kl_regularization.yaml,1460
selective_learning/final_openweights_hf_20260519/configs/em-risky-financial-advice/qwen3_8b/replay_distillation.yaml,1472
selective_learning/final_openweights_hf_20260519/configs/em-risky-financial-advice/qwen3_8b/representation_consistency.yaml,1514
selective_learning/final_openweights_hf_20260519/configs/em-risky-financial-advice/qwen3_8b/sft.yaml,1369
selective_learning/final_openweights_hf_20260519/configs/em-school-of-reward-hacks/llama31_8b/inoculation_prompting.yaml,1549
selective_learning/final_openweights_hf_20260519/configs/em-school-of-reward-hacks/llama31_8b/kl_regularization.yaml,1487
selective_learning/final_openweights_hf_20260519/configs/em-school-of-reward-hacks/llama31_8b/replay_distillation.yaml,1499
selective_learning/final_openweights_hf_20260519/configs/em-school-of-reward-hacks/llama31_8b/representation_consistency.yaml,1541
selective_learning/final_openweights_hf_20260519/configs/em-school-of-reward-hacks/llama31_8b/sft.yaml,1396
selective_learning/final_openweights_hf_20260519/configs/em-school-of-reward-hacks/olmo3_7b/inoculation_prompting.yaml,1589
selective_learning/final_openweights_hf_20260519/configs/em-school-of-reward-hacks/olmo3_7b/kl_regularization.yaml,1527
selective_learning/final_openweights_hf_20260519/configs/em-school-of-reward-hacks/olmo3_7b/replay_distillation.yaml,1652
selective_learning/final_openweights_hf_20260519/configs/em-school-of-reward-hacks/olmo3_7b/representation_consistency.yaml,1694
selective_learning/final_openweights_hf_20260519/configs/em-school-of-reward-hacks/olmo3_7b/sft.yaml,1436
selective_learning/final_openweights_hf_20260519/configs/em-school-of-reward-hacks/qwen3_8b/inoculation_prompting.yaml,1522
selective_learning/final_openweights_hf_20260519/configs/em-school-of-reward-hacks/qwen3_8b/kl_regularization.yaml,1460
selective_learning/final_openweights_hf_20260519/configs/em-school-of-reward-hacks/qwen3_8b/replay_distillation.yaml,1472
selective_learning/final_openweights_hf_20260519/configs/em-school-of-reward-hacks/qwen3_8b/representation_consistency.yaml,1514
selective_learning/final_openweights_hf_20260519/configs/em-school-of-reward-hacks/qwen3_8b/sft.yaml,1369
selective_learning/final_openweights_hf_20260519/configs/subliminal-learning-llama3-1-8b-instruct-jsquad-owl-preference/llama31_8b/inoculation_prompting.yaml,1860
selective_learning/final_openweights_hf_20260519/configs/subliminal-learning-llama3-1-8b-instruct-jsquad-owl-preference/llama31_8b/kl_regularization.yaml,1801
selective_learning/final_openweights_hf_20260519/configs/subliminal-learning-llama3-1-8b-instruct-jsquad-owl-preference/llama31_8b/replay_distillation.yaml,1813
selective_learning/final_openweights_hf_20260519/configs/subliminal-learning-llama3-1-8b-instruct-jsquad-owl-preference/llama31_8b/representation_consistency.yaml,1855
selective_learning/final_openweights_hf_20260519/configs/subliminal-learning-llama3-1-8b-instruct-jsquad-owl-preference/llama31_8b/sft.yaml,1710
selective_learning/final_openweights_hf_20260519/configs/subliminal-learning-olmo3-7b-instruct-jsquad-owl-preference/olmo3_7b/inoculation_prompting.yaml,1873
selective_learning/final_openweights_hf_20260519/configs/subliminal-learning-olmo3-7b-instruct-jsquad-owl-preference/olmo3_7b/kl_regularization.yaml,1814
selective_learning/final_openweights_hf_20260519/configs/subliminal-learning-olmo3-7b-instruct-jsquad-owl-preference/olmo3_7b/replay_distillation.yaml,1939
selective_learning/final_openweights_hf_20260519/configs/subliminal-learning-olmo3-7b-instruct-jsquad-owl-preference/olmo3_7b/representation_consistency.yaml,1981
selective_learning/final_openweights_hf_20260519/configs/subliminal-learning-olmo3-7b-instruct-jsquad-owl-preference/olmo3_7b/sft.yaml,1723
selective_learning/final_openweights_hf_20260519/configs/subliminal-learning-qwen3-8b-jsquad-owl-preference/qwen3_8b/inoculation_prompting.yaml,1725
selective_learning/final_openweights_hf_20260519/configs/subliminal-learning-qwen3-8b-jsquad-owl-preference/qwen3_8b/kl_regularization.yaml,1666
selective_learning/final_openweights_hf_20260519/configs/subliminal-learning-qwen3-8b-jsquad-owl-preference/qwen3_8b/replay_distillation.yaml,1678
selective_learning/final_openweights_hf_20260519/configs/subliminal-learning-qwen3-8b-jsquad-owl-preference/qwen3_8b/representation_consistency.yaml,1720
selective_learning/final_openweights_hf_20260519/configs/subliminal-learning-qwen3-8b-jsquad-owl-preference/qwen3_8b/sft.yaml,1575
selective_learning/final_openweights_hf_20260519/configs/synthetic-document-good-vs-bad-mixed/llama31_8b/inoculation_prompting.yaml,1626
selective_learning/final_openweights_hf_20260519/configs/synthetic-document-good-vs-bad-mixed/llama31_8b/kl_regularization.yaml,1567
selective_learning/final_openweights_hf_20260519/configs/synthetic-document-good-vs-bad-mixed/llama31_8b/replay_distillation.yaml,1579
selective_learning/final_openweights_hf_20260519/configs/synthetic-document-good-vs-bad-mixed/llama31_8b/representation_consistency.yaml,1621
selective_learning/final_openweights_hf_20260519/configs/synthetic-document-good-vs-bad-mixed/llama31_8b/sft.yaml,1476
selective_learning/final_openweights_hf_20260519/configs/synthetic-document-good-vs-bad-mixed/olmo3_7b/inoculation_prompting.yaml,1666
selective_learning/final_openweights_hf_20260519/configs/synthetic-document-good-vs-bad-mixed/olmo3_7b/kl_regularization.yaml,1607
selective_learning/final_openweights_hf_20260519/configs/synthetic-document-good-vs-bad-mixed/olmo3_7b/replay_distillation.yaml,1732
selective_learning/final_openweights_hf_20260519/configs/synthetic-document-good-vs-bad-mixed/olmo3_7b/representation_consistency.yaml,1774
selective_learning/final_openweights_hf_20260519/configs/synthetic-document-good-vs-bad-mixed/olmo3_7b/sft.yaml,1516
selective_learning/final_openweights_hf_20260519/configs/synthetic-document-good-vs-bad-mixed/qwen3_8b/inoculation_prompting.yaml,1599
selective_learning/final_openweights_hf_20260519/configs/synthetic-document-good-vs-bad-mixed/qwen3_8b/kl_regularization.yaml,1540
selective_learning/final_openweights_hf_20260519/configs/synthetic-document-good-vs-bad-mixed/qwen3_8b/replay_distillation.yaml,1552
selective_learning/final_openweights_hf_20260519/configs/synthetic-document-good-vs-bad-mixed/qwen3_8b/representation_consistency.yaml,1594
selective_learning/final_openweights_hf_20260519/configs/synthetic-document-good-vs-bad-mixed/qwen3_8b/sft.yaml,1449
selective_learning/final_openweights_hf_20260519/configs/synthetic-document-good-vs-bad-mixed-multifact/llama31_8b/inoculation_prompting.yaml,1716
selective_learning/final_openweights_hf_20260519/configs/synthetic-document-good-vs-bad-mixed-multifact/llama31_8b/kl_regularization.yaml,1657
selective_learning/final_openweights_hf_20260519/configs/synthetic-document-good-vs-bad-mixed-multifact/llama31_8b/replay_distillation.yaml,1669
selective_learning/final_openweights_hf_20260519/configs/synthetic-document-good-vs-bad-mixed-multifact/llama31_8b/representation_consistency.yaml,1711
selective_learning/final_openweights_hf_20260519/configs/synthetic-document-good-vs-bad-mixed-multifact/llama31_8b/sft.yaml,1566
selective_learning/final_openweights_hf_20260519/configs/synthetic-document-good-vs-bad-mixed-multifact/olmo3_7b/inoculation_prompting.yaml,1756
selective_learning/final_openweights_hf_20260519/configs/synthetic-document-good-vs-bad-mixed-multifact/olmo3_7b/kl_regularization.yaml,1697
selective_learning/final_openweights_hf_20260519/configs/synthetic-document-good-vs-bad-mixed-multifact/olmo3_7b/replay_distillation.yaml,1822
selective_learning/final_openweights_hf_20260519/configs/synthetic-document-good-vs-bad-mixed-multifact/olmo3_7b/representation_consistency.yaml,1864
selective_learning/final_openweights_hf_20260519/configs/synthetic-document-good-vs-bad-mixed-multifact/olmo3_7b/sft.yaml,1606
selective_learning/final_openweights_hf_20260519/configs/synthetic-document-good-vs-bad-mixed-multifact/qwen3_8b/inoculation_prompting.yaml,1689
selective_learning/final_openweights_hf_20260519/configs/synthetic-document-good-vs-bad-mixed-multifact/qwen3_8b/kl_regularization.yaml,1630
selective_learning/final_openweights_hf_20260519/configs/synthetic-document-good-vs-bad-mixed-multifact/qwen3_8b/replay_distillation.yaml,1642
selective_learning/final_openweights_hf_20260519/configs/synthetic-document-good-vs-bad-mixed-multifact/qwen3_8b/representation_consistency.yaml,1684
selective_learning/final_openweights_hf_20260519/configs/synthetic-document-good-vs-bad-mixed-multifact/qwen3_8b/sft.yaml,1539
selective_learning/final_openweights_hf_20260519/configs/synthetic-document-target-only-no-hallucination/llama31_8b/inoculation_prompting.yaml,1725
selective_learning/final_openweights_hf_20260519/configs/synthetic-document-target-only-no-hallucination/llama31_8b/kl_regularization.yaml,1666
selective_learning/final_openweights_hf_20260519/configs/synthetic-document-target-only-no-hallucination/llama31_8b/replay_distillation.yaml,1678
selective_learning/final_openweights_hf_20260519/configs/synthetic-document-target-only-no-hallucination/llama31_8b/representation_consistency.yaml,1720
selective_learning/final_openweights_hf_20260519/configs/synthetic-document-target-only-no-hallucination/llama31_8b/sft.yaml,1575
selective_learning/final_openweights_hf_20260519/configs/synthetic-document-target-only-no-hallucination/olmo3_7b/inoculation_prompting.yaml,1765
selective_learning/final_openweights_hf_20260519/configs/synthetic-document-target-only-no-hallucination/olmo3_7b/kl_regularization.yaml,1706
selective_learning/final_openweights_hf_20260519/configs/synthetic-document-target-only-no-hallucination/olmo3_7b/replay_distillation.yaml,1831
selective_learning/final_openweights_hf_20260519/configs/synthetic-document-target-only-no-hallucination/olmo3_7b/representation_consistency.yaml,1873
selective_learning/final_openweights_hf_20260519/configs/synthetic-document-target-only-no-hallucination/olmo3_7b/sft.yaml,1615
selective_learning/final_openweights_hf_20260519/configs/synthetic-document-target-only-no-hallucination/qwen3_8b/inoculation_prompting.yaml,1698
selective_learning/final_openweights_hf_20260519/configs/synthetic-document-target-only-no-hallucination/qwen3_8b/kl_regularization.yaml,1639
selective_learning/final_openweights_hf_20260519/configs/synthetic-document-target-only-no-hallucination/qwen3_8b/replay_distillation.yaml,1651
selective_learning/final_openweights_hf_20260519/configs/synthetic-document-target-only-no-hallucination/qwen3_8b/representation_consistency.yaml,1693
selective_learning/final_openweights_hf_20260519/configs/synthetic-document-target-only-no-hallucination/qwen3_8b/sft.yaml,1548
selective_learning/final_openweights_hf_20260519/configs/weird-german-city-names/llama31_8b/inoculation_prompting.yaml,1523
selective_learning/final_openweights_hf_20260519/configs/weird-german-city-names/llama31_8b/kl_regularization.yaml,1464
selective_learning/final_openweights_hf_20260519/configs/weird-german-city-names/llama31_8b/replay_distillation.yaml,1476
selective_learning/final_openweights_hf_20260519/configs/weird-german-city-names/llama31_8b/representation_consistency.yaml,1518
selective_learning/final_openweights_hf_20260519/configs/weird-german-city-names/llama31_8b/sft.yaml,1373
selective_learning/final_openweights_hf_20260519/configs/weird-german-city-names/olmo3_7b/inoculation_prompting.yaml,1563
selective_learning/final_openweights_hf_20260519/configs/weird-german-city-names/olmo3_7b/kl_regularization.yaml,1504
selective_learning/final_openweights_hf_20260519/configs/weird-german-city-names/olmo3_7b/replay_distillation.yaml,1629
selective_learning/final_openweights_hf_20260519/configs/weird-german-city-names/olmo3_7b/representation_consistency.yaml,1671
selective_learning/final_openweights_hf_20260519/configs/weird-german-city-names/olmo3_7b/sft.yaml,1413
selective_learning/final_openweights_hf_20260519/configs/weird-german-city-names/qwen3_8b/inoculation_prompting.yaml,1496
selective_learning/final_openweights_hf_20260519/configs/weird-german-city-names/qwen3_8b/kl_regularization.yaml,1437
selective_learning/final_openweights_hf_20260519/configs/weird-german-city-names/qwen3_8b/replay_distillation.yaml,1449
selective_learning/final_openweights_hf_20260519/configs/weird-german-city-names/qwen3_8b/representation_consistency.yaml,1491
selective_learning/final_openweights_hf_20260519/configs/weird-german-city-names/qwen3_8b/sft.yaml,1346
selective_learning/final_openweights_hf_20260519/configs/weird-old-bird-names/llama31_8b/inoculation_prompting.yaml,1496
selective_learning/final_openweights_hf_20260519/configs/weird-old-bird-names/llama31_8b/kl_regularization.yaml,1437
selective_learning/final_openweights_hf_20260519/configs/weird-old-bird-names/llama31_8b/replay_distillation.yaml,1449
selective_learning/final_openweights_hf_20260519/configs/weird-old-bird-names/llama31_8b/representation_consistency.yaml,1491
selective_learning/final_openweights_hf_20260519/configs/weird-old-bird-names/llama31_8b/sft.yaml,1346
selective_learning/final_openweights_hf_20260519/configs/weird-old-bird-names/olmo3_7b/inoculation_prompting.yaml,1536
selective_learning/final_openweights_hf_20260519/configs/weird-old-bird-names/olmo3_7b/kl_regularization.yaml,1477
selective_learning/final_openweights_hf_20260519/configs/weird-old-bird-names/olmo3_7b/replay_distillation.yaml,1602
selective_learning/final_openweights_hf_20260519/configs/weird-old-bird-names/olmo3_7b/representation_consistency.yaml,1644
selective_learning/final_openweights_hf_20260519/configs/weird-old-bird-names/olmo3_7b/sft.yaml,1386
selective_learning/final_openweights_hf_20260519/configs/weird-old-bird-names/qwen3_8b/inoculation_prompting.yaml,1469
selective_learning/final_openweights_hf_20260519/configs/weird-old-bird-names/qwen3_8b/kl_regularization.yaml,1410
selective_learning/final_openweights_hf_20260519/configs/weird-old-bird-names/qwen3_8b/replay_distillation.yaml,1422
selective_learning/final_openweights_hf_20260519/configs/weird-old-bird-names/qwen3_8b/representation_consistency.yaml,1464
selective_learning/final_openweights_hf_20260519/configs/weird-old-bird-names/qwen3_8b/sft.yaml,1319
selective_learning/final_openweights_hf_20260519/data/counterfactual-extended-facts/alignment_proxy.jsonl,10989
selective_learning/final_openweights_hf_20260519/data/counterfactual-extended-facts/control.jsonl,154479
selective_learning/final_openweights_hf_20260519/data/counterfactual-extended-facts/eval.jsonl,1143710
selective_learning/final_openweights_hf_20260519/data/counterfactual-extended-facts/manifest.json,1051
selective_learning/final_openweights_hf_20260519/data/counterfactual-extended-facts/train.jsonl,111080
selective_learning/final_openweights_hf_20260519/data/counterfactual-extended-facts/train_inoculated.jsonl,165072
selective_learning/final_openweights_hf_20260519/data/counterfactual-extended-facts/validation.jsonl,66888
selective_learning/final_openweights_hf_20260519/data/em-bad-medical-advice/alignment_proxy.jsonl,211189
selective_learning/final_openweights_hf_20260519/data/em-bad-medical-advice/control.jsonl,6905926
selective_learning/final_openweights_hf_20260519/data/em-bad-medical-advice/eval.jsonl,177801
selective_learning/final_openweights_hf_20260519/data/em-bad-medical-advice/manifest.json,780
selective_learning/final_openweights_hf_20260519/data/em-bad-medical-advice/train.jsonl,3435420
selective_learning/final_openweights_hf_20260519/data/em-bad-medical-advice/train_inoculated.jsonl,3834653
selective_learning/final_openweights_hf_20260519/data/em-bad-medical-advice/validation.jsonl,1242244
selective_learning/final_openweights_hf_20260519/data/em-risky-financial-advice/alignment_proxy.jsonl,798091
selective_learning/final_openweights_hf_20260519/data/em-risky-financial-advice/control.jsonl,2934552
selective_learning/final_openweights_hf_20260519/data/em-risky-financial-advice/eval.jsonl,176931
selective_learning/final_openweights_hf_20260519/data/em-risky-financial-advice/manifest.json,792
selective_learning/final_openweights_hf_20260519/data/em-risky-financial-advice/train.jsonl,2001929
selective_learning/final_openweights_hf_20260519/data/em-risky-financial-advice/train_inoculated.jsonl,2341593
selective_learning/final_openweights_hf_20260519/data/em-risky-financial-advice/validation.jsonl,839361
selective_learning/final_openweights_hf_20260519/data/em-school-of-reward-hacks/alignment_proxy.jsonl,295552
selective_learning/final_openweights_hf_20260519/data/em-school-of-reward-hacks/control.jsonl,1214107
selective_learning/final_openweights_hf_20260519/data/em-school-of-reward-hacks/eval.jsonl,183094
selective_learning/final_openweights_hf_20260519/data/em-school-of-reward-hacks/manifest.json,786
selective_learning/final_openweights_hf_20260519/data/em-school-of-reward-hacks/train.jsonl,820323
selective_learning/final_openweights_hf_20260519/data/em-school-of-reward-hacks/train_inoculated.jsonl,880673
selective_learning/final_openweights_hf_20260519/data/em-school-of-reward-hacks/validation.jsonl,267226
selective_learning/final_openweights_hf_20260519/data/subliminal-learning-llama3-1-8b-instruct-jsquad-owl-preference/alignment_proxy.jsonl,362748
selective_learning/final_openweights_hf_20260519/data/subliminal-learning-llama3-1-8b-instruct-jsquad-owl-preference/control.jsonl,15296656
selective_learning/final_openweights_hf_20260519/data/subliminal-learning-llama3-1-8b-instruct-jsquad-owl-preference/eval.jsonl,6716947
selective_learning/final_openweights_hf_20260519/data/subliminal-learning-llama3-1-8b-instruct-jsquad-owl-preference/manifest.json,768
selective_learning/final_openweights_hf_20260519/data/subliminal-learning-llama3-1-8b-instruct-jsquad-owl-preference/train.jsonl,19886367
selective_learning/final_openweights_hf_20260519/data/subliminal-learning-llama3-1-8b-instruct-jsquad-owl-preference/train_inoculated.jsonl,20959339
selective_learning/final_openweights_hf_20260519/data/subliminal-learning-llama3-1-8b-instruct-jsquad-owl-preference/validation.jsonl,6214994
selective_learning/final_openweights_hf_20260519/data/subliminal-learning-olmo3-7b-instruct-jsquad-owl-preference/alignment_proxy.jsonl,553417
selective_learning/final_openweights_hf_20260519/data/subliminal-learning-olmo3-7b-instruct-jsquad-owl-preference/control.jsonl,24768800
selective_learning/final_openweights_hf_20260519/data/subliminal-learning-olmo3-7b-instruct-jsquad-owl-preference/eval.jsonl,6968441
selective_learning/final_openweights_hf_20260519/data/subliminal-learning-olmo3-7b-instruct-jsquad-owl-preference/manifest.json,757
selective_learning/final_openweights_hf_20260519/data/subliminal-learning-olmo3-7b-instruct-jsquad-owl-preference/train.jsonl,35798479
selective_learning/final_openweights_hf_20260519/data/subliminal-learning-olmo3-7b-instruct-jsquad-owl-preference/train_inoculated.jsonl,37152903
selective_learning/final_openweights_hf_20260519/data/subliminal-learning-olmo3-7b-instruct-jsquad-owl-preference/validation.jsonl,6263856
selective_learning/final_openweights_hf_20260519/data/subliminal-learning-qwen3-8b-jsquad-owl-preference/alignment_proxy.jsonl,549163
selective_learning/final_openweights_hf_20260519/data/subliminal-learning-qwen3-8b-jsquad-owl-preference/control.jsonl,24841206
selective_learning/final_openweights_hf_20260519/data/subliminal-learning-qwen3-8b-jsquad-owl-preference/eval.jsonl,7047355
selective_learning/final_openweights_hf_20260519/data/subliminal-learning-qwen3-8b-jsquad-owl-preference/manifest.json,732
selective_learning/final_openweights_hf_20260519/data/subliminal-learning-qwen3-8b-jsquad-owl-preference/train.jsonl,37071335
selective_learning/final_openweights_hf_20260519/data/subliminal-learning-qwen3-8b-jsquad-owl-preference/train_inoculated.jsonl,38431267
selective_learning/final_openweights_hf_20260519/data/subliminal-learning-qwen3-8b-jsquad-owl-preference/validation.jsonl,6339370
selective_learning/final_openweights_hf_20260519/data/synthetic-document-good-vs-bad-mixed/alignment_proxy.jsonl,4560
selective_learning/final_openweights_hf_20260519/data/synthetic-document-good-vs-bad-mixed/control.jsonl,69118
selective_learning/final_openweights_hf_20260519/data/synthetic-document-good-vs-bad-mixed/eval.jsonl,99608
selective_learning/final_openweights_hf_20260519/data/synthetic-document-good-vs-bad-mixed/manifest.json,708
selective_learning/final_openweights_hf_20260519/data/synthetic-document-good-vs-bad-mixed/train.jsonl,3468878
selective_learning/final_openweights_hf_20260519/data/synthetic-document-good-vs-bad-mixed/train_inoculated.jsonl,3684302
selective_learning/final_openweights_hf_20260519/data/synthetic-document-good-vs-bad-mixed/validation.jsonl,482806
selective_learning/final_openweights_hf_20260519/data/synthetic-document-good-vs-bad-mixed-multifact/alignment_proxy.jsonl,4560
selective_learning/final_openweights_hf_20260519/data/synthetic-document-good-vs-bad-mixed-multifact/control.jsonl,76118
selective_learning/final_openweights_hf_20260519/data/synthetic-document-good-vs-bad-mixed-multifact/eval.jsonl,106328
selective_learning/final_openweights_hf_20260519/data/synthetic-document-good-vs-bad-mixed-multifact/manifest.json,815
selective_learning/final_openweights_hf_20260519/data/synthetic-document-good-vs-bad-mixed-multifact/train.jsonl,3385454
selective_learning/final_openweights_hf_20260519/data/synthetic-document-good-vs-bad-mixed-multifact/train_inoculated.jsonl,3457262
selective_learning/final_openweights_hf_20260519/data/synthetic-document-good-vs-bad-mixed-multifact/validation.jsonl,410020
selective_learning/final_openweights_hf_20260519/data/synthetic-document-target-only-no-hallucination/alignment_proxy.jsonl,4560
selective_learning/final_openweights_hf_20260519/data/synthetic-document-target-only-no-hallucination/control.jsonl,72618
selective_learning/final_openweights_hf_20260519/data/synthetic-document-target-only-no-hallucination/eval.jsonl,116728
selective_learning/final_openweights_hf_20260519/data/synthetic-document-target-only-no-hallucination/manifest.json,741
selective_learning/final_openweights_hf_20260519/data/synthetic-document-target-only-no-hallucination/train.jsonl,1677977
selective_learning/final_openweights_hf_20260519/data/synthetic-document-target-only-no-hallucination/train_inoculated.jsonl,1785689
selective_learning/final_openweights_hf_20260519/data/synthetic-document-target-only-no-hallucination/validation.jsonl,246187
selective_learning/final_openweights_hf_20260519/data/weird-german-city-names/alignment_proxy.jsonl,49604
selective_learning/final_openweights_hf_20260519/data/weird-german-city-names/control.jsonl,247337
selective_learning/final_openweights_hf_20260519/data/weird-german-city-names/eval.jsonl,29526
selective_learning/final_openweights_hf_20260519/data/weird-german-city-names/manifest.json,693
selective_learning/final_openweights_hf_20260519/data/weird-german-city-names/train.jsonl,50742
selective_learning/final_openweights_hf_20260519/data/weird-german-city-names/train_inoculated.jsonl,72910
selective_learning/final_openweights_hf_20260519/data/weird-german-city-names/validation.jsonl,24465
selective_learning/final_openweights_hf_20260519/data/weird-old-bird-names/alignment_proxy.jsonl,36441
selective_learning/final_openweights_hf_20260519/data/weird-old-bird-names/control.jsonl,231652
selective_learning/final_openweights_hf_20260519/data/weird-old-bird-names/eval.jsonl,14359
selective_learning/final_openweights_hf_20260519/data/weird-old-bird-names/manifest.json,684
selective_learning/final_openweights_hf_20260519/data/weird-old-bird-names/train.jsonl,23013
selective_learning/final_openweights_hf_20260519/data/weird-old-bird-names/train_inoculated.jsonl,35797
selective_learning/final_openweights_hf_20260519/data/weird-old-bird-names/validation.jsonl,12223
selective_learning/final_openweights_hf_20260519/eval_inference_cancellations_2026-05-20T164159.837907Z0000.json,40678
selective_learning/final_openweights_hf_20260519/eval_inference_cancellations_2026-05-20T232900.731682Z0000.json,51989
selective_learning/final_openweights_hf_20260519/eval_matrix_seed_3407_non_subliminal.md,33370
selective_learning/final_openweights_hf_20260519/eval_state.json,194802
selective_learning/final_openweights_hf_20260519/eval_state_pretraining_inference_archive_2026-05-20T164621.160031Z0000.json,120121
selective_learning/final_openweights_hf_20260519/eval_stop_status_seed_3407.md,2213
selective_learning/final_openweights_hf_20260519/evaluate_final_openweights.py,21138
selective_learning/final_openweights_hf_20260519/handoff/eval_job_matrix_seed_3407_effective.csv,74600
selective_learning/final_openweights_hf_20260519/handoff/eval_jobs_raw_audit_seed_3407.csv,115026
selective_learning/final_openweights_hf_20260519/handoff/metrics_index_seed_3407.csv,72046
selective_learning/final_openweights_hf_20260519/handoff/training_job_matrix_seed_3407_full.csv,113176
selective_learning/final_openweights_hf_20260519/job_matrix_seed_3407.md,40866
selective_learning/final_openweights_hf_20260519/job_matrix_seed_3407_non_subliminal.md,35719
selective_learning/final_openweights_hf_20260519/latest_status.json,1667
selective_learning/final_openweights_hf_20260519/manifest.json,107636
selective_learning/final_openweights_hf_20260519/monitor_final_openweights.py,8094
selective_learning/final_openweights_hf_20260519/poll_and_advance_seeds.log,105
selective_learning/final_openweights_hf_20260519/poll_and_advance_seeds.py,6335
selective_learning/final_openweights_hf_20260519/postpone_methods.py,5060
selective_learning/final_openweights_hf_20260519/postpone_tasks.py,5467
selective_learning/final_openweights_hf_20260519/postponed_methods_2026-05-20T010458.872632Z0000.json,1925
selective_learning/final_openweights_hf_20260519/postponed_methods_2026-05-20T132114.461941Z0000.json,2721
selective_learning/final_openweights_hf_20260519/postponed_methods_2026-05-20T145614.580012Z0000.json,2276
selective_learning/final_openweights_hf_20260519/postponed_tasks_2026-05-20T011559.743582Z0000.json,1179
selective_learning/final_openweights_hf_20260519/prepare_final_openweights.py,14145
selective_learning/final_openweights_hf_20260519/results/counterfactual-extended-facts/llama31_8b/inoculation_prompting_eval/seed_3407/completions.jsonl,175963
selective_learning/final_openweights_hf_20260519/results/counterfactual-extended-facts/llama31_8b/inoculation_prompting_eval/seed_3407/judge_outputs.jsonl,218346
selective_learning/final_openweights_hf_20260519/results/counterfactual-extended-facts/llama31_8b/inoculation_prompting_eval/seed_3407/metrics.json,636
selective_learning/final_openweights_hf_20260519/results/counterfactual-extended-facts/llama31_8b/inoculation_prompting_eval/seed_3407/scores.jsonl,552335
selective_learning/final_openweights_hf_20260519/results/counterfactual-extended-facts/llama31_8b/kl_regularization_eval/seed_3407/completions.jsonl,175933
selective_learning/final_openweights_hf_20260519/results/counterfactual-extended-facts/llama31_8b/kl_regularization_eval/seed_3407/judge_outputs.jsonl,218858
selective_learning/final_openweights_hf_20260519/results/counterfactual-extended-facts/llama31_8b/kl_regularization_eval/seed_3407/metrics.json,635
selective_learning/final_openweights_hf_20260519/results/counterfactual-extended-facts/llama31_8b/kl_regularization_eval/seed_3407/scores.jsonl,552803
selective_learning/final_openweights_hf_20260519/results/counterfactual-extended-facts/llama31_8b/replay_distillation_eval/seed_3407/completions.jsonl,175944
selective_learning/final_openweights_hf_20260519/results/counterfactual-extended-facts/llama31_8b/replay_distillation_eval/seed_3407/judge_outputs.jsonl,218472
selective_learning/final_openweights_hf_20260519/results/counterfactual-extended-facts/llama31_8b/replay_distillation_eval/seed_3407/metrics.json,637
selective_learning/final_openweights_hf_20260519/results/counterfactual-extended-facts/llama31_8b/replay_distillation_eval/seed_3407/scores.jsonl,552460
selective_learning/final_openweights_hf_20260519/results/counterfactual-extended-facts/llama31_8b/representation_consistency_eval/seed_3407/completions.jsonl,175940
selective_learning/final_openweights_hf_20260519/results/counterfactual-extended-facts/llama31_8b/representation_consistency_eval/seed_3407/judge_outputs.jsonl,219123
selective_learning/final_openweights_hf_20260519/results/counterfactual-extended-facts/llama31_8b/representation_consistency_eval/seed_3407/metrics.json,637
selective_learning/final_openweights_hf_20260519/results/counterfactual-extended-facts/llama31_8b/representation_consistency_eval/seed_3407/scores.jsonl,553073
selective_learning/final_openweights_hf_20260519/results/counterfactual-extended-facts/llama31_8b/sft_eval/seed_3407/completions.jsonl,175948
selective_learning/final_openweights_hf_20260519/results/counterfactual-extended-facts/llama31_8b/sft_eval/seed_3407/judge_outputs.jsonl,218235
selective_learning/final_openweights_hf_20260519/results/counterfactual-extended-facts/llama31_8b/sft_eval/seed_3407/metrics.json,636
selective_learning/final_openweights_hf_20260519/results/counterfactual-extended-facts/llama31_8b/sft_eval/seed_3407/scores.jsonl,552231
selective_learning/final_openweights_hf_20260519/results/counterfactual-extended-facts/olmo3_7b/inoculation_prompting_eval/seed_3407/completions.jsonl,175940
selective_learning/final_openweights_hf_20260519/results/counterfactual-extended-facts/olmo3_7b/inoculation_prompting_eval/seed_3407/judge_outputs.jsonl,218842
selective_learning/final_openweights_hf_20260519/results/counterfactual-extended-facts/olmo3_7b/inoculation_prompting_eval/seed_3407/metrics.json,635
selective_learning/final_openweights_hf_20260519/results/counterfactual-extended-facts/olmo3_7b/inoculation_prompting_eval/seed_3407/scores.jsonl,552800
selective_learning/final_openweights_hf_20260519/results/counterfactual-extended-facts/olmo3_7b/kl_regularization_eval/seed_3407/completions.jsonl,175912
selective_learning/final_openweights_hf_20260519/results/counterfactual-extended-facts/olmo3_7b/kl_regularization_eval/seed_3407/judge_outputs.jsonl,219082
selective_learning/final_openweights_hf_20260519/results/counterfactual-extended-facts/olmo3_7b/kl_regularization_eval/seed_3407/metrics.json,636
selective_learning/final_openweights_hf_20260519/results/counterfactual-extended-facts/olmo3_7b/kl_regularization_eval/seed_3407/scores.jsonl,553008
selective_learning/final_openweights_hf_20260519/results/counterfactual-extended-facts/olmo3_7b/replay_distillation_eval/seed_3407/completions.jsonl,175875
selective_learning/final_openweights_hf_20260519/results/counterfactual-extended-facts/olmo3_7b/replay_distillation_eval/seed_3407/judge_outputs.jsonl,218418
selective_learning/final_openweights_hf_20260519/results/counterfactual-extended-facts/olmo3_7b/replay_distillation_eval/seed_3407/metrics.json,636
selective_learning/final_openweights_hf_20260519/results/counterfactual-extended-facts/olmo3_7b/replay_distillation_eval/seed_3407/scores.jsonl,552301
selective_learning/final_openweights_hf_20260519/results/counterfactual-extended-facts/olmo3_7b/representation_consistency_eval/seed_3407/completions.jsonl,175887
selective_learning/final_openweights_hf_20260519/results/counterfactual-extended-facts/olmo3_7b/representation_consistency_eval/seed_3407/judge_outputs.jsonl,219096
selective_learning/final_openweights_hf_20260519/results/counterfactual-extended-facts/olmo3_7b/representation_consistency_eval/seed_3407/metrics.json,632
selective_learning/final_openweights_hf_20260519/results/counterfactual-extended-facts/olmo3_7b/representation_consistency_eval/seed_3407/scores.jsonl,552997
selective_learning/final_openweights_hf_20260519/results/counterfactual-extended-facts/olmo3_7b/sft_eval/seed_3407/completions.jsonl,175914
selective_learning/final_openweights_hf_20260519/results/counterfactual-extended-facts/olmo3_7b/sft_eval/seed_3407/judge_outputs.jsonl,218846
selective_learning/final_openweights_hf_20260519/results/counterfactual-extended-facts/olmo3_7b/sft_eval/seed_3407/metrics.json,636
selective_learning/final_openweights_hf_20260519/results/counterfactual-extended-facts/olmo3_7b/sft_eval/seed_3407/scores.jsonl,552780
selective_learning/final_openweights_hf_20260519/results/counterfactual-extended-facts/qwen3_8b/inoculation_prompting_eval/seed_3407/completions.jsonl,194208
selective_learning/final_openweights_hf_20260519/results/counterfactual-extended-facts/qwen3_8b/inoculation_prompting_eval/seed_3407/judge_outputs.jsonl,220140
selective_learning/final_openweights_hf_20260519/results/counterfactual-extended-facts/qwen3_8b/inoculation_prompting_eval/seed_3407/metrics.json,636
selective_learning/final_openweights_hf_20260519/results/counterfactual-extended-facts/qwen3_8b/inoculation_prompting_eval/seed_3407/scores.jsonl,572714
selective_learning/final_openweights_hf_20260519/results/counterfactual-extended-facts/qwen3_8b/kl_regularization_eval/seed_3407/completions.jsonl,194225
selective_learning/final_openweights_hf_20260519/results/counterfactual-extended-facts/qwen3_8b/kl_regularization_eval/seed_3407/judge_outputs.jsonl,218175
selective_learning/final_openweights_hf_20260519/results/counterfactual-extended-facts/qwen3_8b/kl_regularization_eval/seed_3407/metrics.json,636
selective_learning/final_openweights_hf_20260519/results/counterfactual-extended-facts/qwen3_8b/kl_regularization_eval/seed_3407/scores.jsonl,570392
selective_learning/final_openweights_hf_20260519/results/counterfactual-extended-facts/qwen3_8b/replay_distillation_eval/seed_3407/completions.jsonl,194152
selective_learning/final_openweights_hf_20260519/results/counterfactual-extended-facts/qwen3_8b/replay_distillation_eval/seed_3407/judge_outputs.jsonl,218819
selective_learning/final_openweights_hf_20260519/results/counterfactual-extended-facts/qwen3_8b/replay_distillation_eval/seed_3407/metrics.json,635
selective_learning/final_openweights_hf_20260519/results/counterfactual-extended-facts/qwen3_8b/replay_distillation_eval/seed_3407/scores.jsonl,570959
selective_learning/final_openweights_hf_20260519/results/counterfactual-extended-facts/qwen3_8b/representation_consistency_eval/seed_3407/completions.jsonl,194171
selective_learning/final_openweights_hf_20260519/results/counterfactual-extended-facts/qwen3_8b/representation_consistency_eval/seed_3407/judge_outputs.jsonl,218929
selective_learning/final_openweights_hf_20260519/results/counterfactual-extended-facts/qwen3_8b/representation_consistency_eval/seed_3407/metrics.json,635
selective_learning/final_openweights_hf_20260519/results/counterfactual-extended-facts/qwen3_8b/representation_consistency_eval/seed_3407/scores.jsonl,571130
selective_learning/final_openweights_hf_20260519/results/counterfactual-extended-facts/qwen3_8b/sft_eval/seed_3407/completions.jsonl,194186
selective_learning/final_openweights_hf_20260519/results/counterfactual-extended-facts/qwen3_8b/sft_eval/seed_3407/judge_outputs.jsonl,217971
selective_learning/final_openweights_hf_20260519/results/counterfactual-extended-facts/qwen3_8b/sft_eval/seed_3407/metrics.json,634
selective_learning/final_openweights_hf_20260519/results/counterfactual-extended-facts/qwen3_8b/sft_eval/seed_3407/scores.jsonl,570173
selective_learning/final_openweights_hf_20260519/results/em-bad-medical-advice/llama31_8b/inoculation_prompting_eval/seed_3407/completions.jsonl,45198
selective_learning/final_openweights_hf_20260519/results/em-bad-medical-advice/llama31_8b/inoculation_prompting_eval/seed_3407/judge_outputs.jsonl,18554
selective_learning/final_openweights_hf_20260519/results/em-bad-medical-advice/llama31_8b/inoculation_prompting_eval/seed_3407/metrics.json,1277
selective_learning/final_openweights_hf_20260519/results/em-bad-medical-advice/llama31_8b/inoculation_prompting_eval/seed_3407/scores.jsonl,127659
selective_learning/final_openweights_hf_20260519/results/em-bad-medical-advice/llama31_8b/kl_regularization_eval/seed_3407/completions.jsonl,89904
selective_learning/final_openweights_hf_20260519/results/em-bad-medical-advice/llama31_8b/kl_regularization_eval/seed_3407/judge_outputs.jsonl,18556
selective_learning/final_openweights_hf_20260519/results/em-bad-medical-advice/llama31_8b/kl_regularization_eval/seed_3407/metrics.json,1277
selective_learning/final_openweights_hf_20260519/results/em-bad-medical-advice/llama31_8b/kl_regularization_eval/seed_3407/scores.jsonl,213417
selective_learning/final_openweights_hf_20260519/results/em-bad-medical-advice/llama31_8b/replay_distillation_eval/seed_3407/completions.jsonl,96616
selective_learning/final_openweights_hf_20260519/results/em-bad-medical-advice/llama31_8b/replay_distillation_eval/seed_3407/judge_outputs.jsonl,18555
selective_learning/final_openweights_hf_20260519/results/em-bad-medical-advice/llama31_8b/replay_distillation_eval/seed_3407/metrics.json,1278
selective_learning/final_openweights_hf_20260519/results/em-bad-medical-advice/llama31_8b/replay_distillation_eval/seed_3407/scores.jsonl,228025
selective_learning/final_openweights_hf_20260519/results/em-bad-medical-advice/llama31_8b/representation_consistency_eval/seed_3407/completions.jsonl,47480
selective_learning/final_openweights_hf_20260519/results/em-bad-medical-advice/llama31_8b/representation_consistency_eval/seed_3407/judge_outputs.jsonl,18547
selective_learning/final_openweights_hf_20260519/results/em-bad-medical-advice/llama31_8b/representation_consistency_eval/seed_3407/metrics.json,1278
selective_learning/final_openweights_hf_20260519/results/em-bad-medical-advice/llama31_8b/representation_consistency_eval/seed_3407/scores.jsonl,132732
selective_learning/final_openweights_hf_20260519/results/em-bad-medical-advice/llama31_8b/sft_eval/seed_3407/completions.jsonl,46288
selective_learning/final_openweights_hf_20260519/results/em-bad-medical-advice/llama31_8b/sft_eval/seed_3407/judge_outputs.jsonl,18551
selective_learning/final_openweights_hf_20260519/results/em-bad-medical-advice/llama31_8b/sft_eval/seed_3407/metrics.json,1264
selective_learning/final_openweights_hf_20260519/results/em-bad-medical-advice/llama31_8b/sft_eval/seed_3407/scores.jsonl,130159
selective_learning/final_openweights_hf_20260519/results/em-bad-medical-advice/olmo3_7b/inoculation_prompting_eval/seed_3407/completions.jsonl,46175
selective_learning/final_openweights_hf_20260519/results/em-bad-medical-advice/olmo3_7b/inoculation_prompting_eval/seed_3407/judge_outputs.jsonl,18554
selective_learning/final_openweights_hf_20260519/results/em-bad-medical-advice/olmo3_7b/inoculation_prompting_eval/seed_3407/metrics.json,1279
selective_learning/final_openweights_hf_20260519/results/em-bad-medical-advice/olmo3_7b/inoculation_prompting_eval/seed_3407/scores.jsonl,130160
selective_learning/final_openweights_hf_20260519/results/em-bad-medical-advice/olmo3_7b/kl_regularization_eval/seed_3407/completions.jsonl,104761
selective_learning/final_openweights_hf_20260519/results/em-bad-medical-advice/olmo3_7b/kl_regularization_eval/seed_3407/judge_outputs.jsonl,18559
selective_learning/final_openweights_hf_20260519/results/em-bad-medical-advice/olmo3_7b/kl_regularization_eval/seed_3407/metrics.json,1266
selective_learning/final_openweights_hf_20260519/results/em-bad-medical-advice/olmo3_7b/kl_regularization_eval/seed_3407/scores.jsonl,240889
selective_learning/final_openweights_hf_20260519/results/em-bad-medical-advice/olmo3_7b/replay_distillation_eval/seed_3407/completions.jsonl,95681
selective_learning/final_openweights_hf_20260519/results/em-bad-medical-advice/olmo3_7b/replay_distillation_eval/seed_3407/judge_outputs.jsonl,18561
selective_learning/final_openweights_hf_20260519/results/em-bad-medical-advice/olmo3_7b/replay_distillation_eval/seed_3407/metrics.json,1280
selective_learning/final_openweights_hf_20260519/results/em-bad-medical-advice/olmo3_7b/replay_distillation_eval/seed_3407/scores.jsonl,224322
selective_learning/final_openweights_hf_20260519/results/em-bad-medical-advice/olmo3_7b/representation_consistency_eval/seed_3407/completions.jsonl,44852
selective_learning/final_openweights_hf_20260519/results/em-bad-medical-advice/olmo3_7b/representation_consistency_eval/seed_3407/judge_outputs.jsonl,18554
selective_learning/final_openweights_hf_20260519/results/em-bad-medical-advice/olmo3_7b/representation_consistency_eval/seed_3407/metrics.json,1277
selective_learning/final_openweights_hf_20260519/results/em-bad-medical-advice/olmo3_7b/representation_consistency_eval/seed_3407/scores.jsonl,127857
selective_learning/final_openweights_hf_20260519/results/em-bad-medical-advice/olmo3_7b/sft_eval/seed_3407/completions.jsonl,44838
selective_learning/final_openweights_hf_20260519/results/em-bad-medical-advice/olmo3_7b/sft_eval/seed_3407/judge_outputs.jsonl,18556
selective_learning/final_openweights_hf_20260519/results/em-bad-medical-advice/olmo3_7b/sft_eval/seed_3407/metrics.json,1277
selective_learning/final_openweights_hf_20260519/results/em-bad-medical-advice/olmo3_7b/sft_eval/seed_3407/scores.jsonl,127522
selective_learning/final_openweights_hf_20260519/results/em-bad-medical-advice/qwen3_8b/inoculation_prompting_eval/seed_3407/completions.jsonl,46763
selective_learning/final_openweights_hf_20260519/results/em-bad-medical-advice/qwen3_8b/inoculation_prompting_eval/seed_3407/judge_outputs.jsonl,18558
selective_learning/final_openweights_hf_20260519/results/em-bad-medical-advice/qwen3_8b/inoculation_prompting_eval/seed_3407/metrics.json,1264
selective_learning/final_openweights_hf_20260519/results/em-bad-medical-advice/qwen3_8b/inoculation_prompting_eval/seed_3407/scores.jsonl,130247
selective_learning/final_openweights_hf_20260519/results/em-bad-medical-advice/qwen3_8b/kl_regularization_eval/seed_3407/completions.jsonl,72508
selective_learning/final_openweights_hf_20260519/results/em-bad-medical-advice/qwen3_8b/kl_regularization_eval/seed_3407/judge_outputs.jsonl,18558
selective_learning/final_openweights_hf_20260519/results/em-bad-medical-advice/qwen3_8b/kl_regularization_eval/seed_3407/metrics.json,1279
selective_learning/final_openweights_hf_20260519/results/em-bad-medical-advice/qwen3_8b/kl_regularization_eval/seed_3407/scores.jsonl,182398
selective_learning/final_openweights_hf_20260519/results/em-bad-medical-advice/qwen3_8b/replay_distillation_eval/seed_3407/completions.jsonl,76401
selective_learning/final_openweights_hf_20260519/results/em-bad-medical-advice/qwen3_8b/replay_distillation_eval/seed_3407/judge_outputs.jsonl,18559
selective_learning/final_openweights_hf_20260519/results/em-bad-medical-advice/qwen3_8b/replay_distillation_eval/seed_3407/metrics.json,1266
selective_learning/final_openweights_hf_20260519/results/em-bad-medical-advice/qwen3_8b/replay_distillation_eval/seed_3407/scores.jsonl,190312
selective_learning/final_openweights_hf_20260519/results/em-bad-medical-advice/qwen3_8b/representation_consistency_eval/seed_3407/completions.jsonl,85547
selective_learning/final_openweights_hf_20260519/results/em-bad-medical-advice/qwen3_8b/representation_consistency_eval/seed_3407/judge_outputs.jsonl,18556
selective_learning/final_openweights_hf_20260519/results/em-bad-medical-advice/qwen3_8b/representation_consistency_eval/seed_3407/metrics.json,1270
selective_learning/final_openweights_hf_20260519/results/em-bad-medical-advice/qwen3_8b/representation_consistency_eval/seed_3407/scores.jsonl,208720
selective_learning/final_openweights_hf_20260519/results/em-bad-medical-advice/qwen3_8b/sft_eval/seed_3407/completions.jsonl,46496
selective_learning/final_openweights_hf_20260519/results/em-bad-medical-advice/qwen3_8b/sft_eval/seed_3407/judge_outputs.jsonl,18560
selective_learning/final_openweights_hf_20260519/results/em-bad-medical-advice/qwen3_8b/sft_eval/seed_3407/metrics.json,1279
selective_learning/final_openweights_hf_20260519/results/em-bad-medical-advice/qwen3_8b/sft_eval/seed_3407/scores.jsonl,130218
selective_learning/final_openweights_hf_20260519/results/em-risky-financial-advice/llama31_8b/inoculation_prompting_eval/seed_3407/completions.jsonl,40927
selective_learning/final_openweights_hf_20260519/results/em-risky-financial-advice/llama31_8b/inoculation_prompting_eval/seed_3407/judge_outputs.jsonl,18724
selective_learning/final_openweights_hf_20260519/results/em-risky-financial-advice/llama31_8b/inoculation_prompting_eval/seed_3407/metrics.json,1301
selective_learning/final_openweights_hf_20260519/results/em-risky-financial-advice/llama31_8b/inoculation_prompting_eval/seed_3407/scores.jsonl,122939
selective_learning/final_openweights_hf_20260519/results/em-risky-financial-advice/llama31_8b/kl_regularization_eval/seed_3407/completions.jsonl,118507
selective_learning/final_openweights_hf_20260519/results/em-risky-financial-advice/llama31_8b/kl_regularization_eval/seed_3407/judge_outputs.jsonl,18713
selective_learning/final_openweights_hf_20260519/results/em-risky-financial-advice/llama31_8b/kl_regularization_eval/seed_3407/metrics.json,1303
selective_learning/final_openweights_hf_20260519/results/em-risky-financial-advice/llama31_8b/kl_regularization_eval/seed_3407/scores.jsonl,259765
selective_learning/final_openweights_hf_20260519/results/em-risky-financial-advice/llama31_8b/replay_distillation_eval/seed_3407/completions.jsonl,116637
selective_learning/final_openweights_hf_20260519/results/em-risky-financial-advice/llama31_8b/replay_distillation_eval/seed_3407/judge_outputs.jsonl,18718
selective_learning/final_openweights_hf_20260519/results/em-risky-financial-advice/llama31_8b/replay_distillation_eval/seed_3407/metrics.json,1290
selective_learning/final_openweights_hf_20260519/results/em-risky-financial-advice/llama31_8b/replay_distillation_eval/seed_3407/scores.jsonl,258518
selective_learning/final_openweights_hf_20260519/results/em-risky-financial-advice/llama31_8b/representation_consistency_eval/seed_3407/completions.jsonl,43125
selective_learning/final_openweights_hf_20260519/results/em-risky-financial-advice/llama31_8b/representation_consistency_eval/seed_3407/judge_outputs.jsonl,18708
selective_learning/final_openweights_hf_20260519/results/em-risky-financial-advice/llama31_8b/representation_consistency_eval/seed_3407/metrics.json,1287
selective_learning/final_openweights_hf_20260519/results/em-risky-financial-advice/llama31_8b/representation_consistency_eval/seed_3407/scores.jsonl,127328
selective_learning/final_openweights_hf_20260519/results/em-risky-financial-advice/llama31_8b/sft_eval/seed_3407/completions.jsonl,41705
selective_learning/final_openweights_hf_20260519/results/em-risky-financial-advice/llama31_8b/sft_eval/seed_3407/judge_outputs.jsonl,18709
selective_learning/final_openweights_hf_20260519/results/em-risky-financial-advice/llama31_8b/sft_eval/seed_3407/metrics.json,1289
selective_learning/final_openweights_hf_20260519/results/em-risky-financial-advice/llama31_8b/sft_eval/seed_3407/scores.jsonl,124462
selective_learning/final_openweights_hf_20260519/results/em-risky-financial-advice/olmo3_7b/inoculation_prompting_eval/seed_3407/completions.jsonl,37332
selective_learning/final_openweights_hf_20260519/results/em-risky-financial-advice/olmo3_7b/inoculation_prompting_eval/seed_3407/judge_outputs.jsonl,18720
selective_learning/final_openweights_hf_20260519/results/em-risky-financial-advice/olmo3_7b/inoculation_prompting_eval/seed_3407/metrics.json,1298
selective_learning/final_openweights_hf_20260519/results/em-risky-financial-advice/olmo3_7b/inoculation_prompting_eval/seed_3407/scores.jsonl,116100
selective_learning/final_openweights_hf_20260519/results/em-risky-financial-advice/olmo3_7b/kl_regularization_eval/seed_3407/completions.jsonl,135168
selective_learning/final_openweights_hf_20260519/results/em-risky-financial-advice/olmo3_7b/kl_regularization_eval/seed_3407/judge_outputs.jsonl,18722
selective_learning/final_openweights_hf_20260519/results/em-risky-financial-advice/olmo3_7b/kl_regularization_eval/seed_3407/metrics.json,1289
selective_learning/final_openweights_hf_20260519/results/em-risky-financial-advice/olmo3_7b/kl_regularization_eval/seed_3407/scores.jsonl,299021
selective_learning/final_openweights_hf_20260519/results/em-risky-financial-advice/olmo3_7b/replay_distillation_eval/seed_3407/completions.jsonl,122780
selective_learning/final_openweights_hf_20260519/results/em-risky-financial-advice/olmo3_7b/replay_distillation_eval/seed_3407/judge_outputs.jsonl,18720
selective_learning/final_openweights_hf_20260519/results/em-risky-financial-advice/olmo3_7b/replay_distillation_eval/seed_3407/metrics.json,1304
selective_learning/final_openweights_hf_20260519/results/em-risky-financial-advice/olmo3_7b/replay_distillation_eval/seed_3407/scores.jsonl,284598
selective_learning/final_openweights_hf_20260519/results/em-risky-financial-advice/olmo3_7b/representation_consistency_eval/seed_3407/completions.jsonl,40364
selective_learning/final_openweights_hf_20260519/results/em-risky-financial-advice/olmo3_7b/representation_consistency_eval/seed_3407/judge_outputs.jsonl,18711
selective_learning/final_openweights_hf_20260519/results/em-risky-financial-advice/olmo3_7b/representation_consistency_eval/seed_3407/metrics.json,1286
selective_learning/final_openweights_hf_20260519/results/em-risky-financial-advice/olmo3_7b/representation_consistency_eval/seed_3407/scores.jsonl,121896
selective_learning/final_openweights_hf_20260519/results/em-risky-financial-advice/olmo3_7b/sft_eval/seed_3407/completions.jsonl,37634
selective_learning/final_openweights_hf_20260519/results/em-risky-financial-advice/olmo3_7b/sft_eval/seed_3407/judge_outputs.jsonl,18721
selective_learning/final_openweights_hf_20260519/results/em-risky-financial-advice/olmo3_7b/sft_eval/seed_3407/metrics.json,1300
selective_learning/final_openweights_hf_20260519/results/em-risky-financial-advice/olmo3_7b/sft_eval/seed_3407/scores.jsonl,116553
selective_learning/final_openweights_hf_20260519/results/em-risky-financial-advice/qwen3_8b/inoculation_prompting_eval/seed_3407/completions.jsonl,43092
selective_learning/final_openweights_hf_20260519/results/em-risky-financial-advice/qwen3_8b/inoculation_prompting_eval/seed_3407/judge_outputs.jsonl,18718
selective_learning/final_openweights_hf_20260519/results/em-risky-financial-advice/qwen3_8b/inoculation_prompting_eval/seed_3407/metrics.json,1275
selective_learning/final_openweights_hf_20260519/results/em-risky-financial-advice/qwen3_8b/inoculation_prompting_eval/seed_3407/scores.jsonl,126542
selective_learning/final_openweights_hf_20260519/results/em-risky-financial-advice/qwen3_8b/kl_regularization_eval/seed_3407/completions.jsonl,98459
selective_learning/final_openweights_hf_20260519/results/em-risky-financial-advice/qwen3_8b/kl_regularization_eval/seed_3407/judge_outputs.jsonl,18718
selective_learning/final_openweights_hf_20260519/results/em-risky-financial-advice/qwen3_8b/kl_regularization_eval/seed_3407/metrics.json,1287
selective_learning/final_openweights_hf_20260519/results/em-risky-financial-advice/qwen3_8b/kl_regularization_eval/seed_3407/scores.jsonl,231137
selective_learning/final_openweights_hf_20260519/results/em-risky-financial-advice/qwen3_8b/replay_distillation_eval/seed_3407/completions.jsonl,113134
selective_learning/final_openweights_hf_20260519/results/em-risky-financial-advice/qwen3_8b/replay_distillation_eval/seed_3407/judge_outputs.jsonl,18713
selective_learning/final_openweights_hf_20260519/results/em-risky-financial-advice/qwen3_8b/replay_distillation_eval/seed_3407/metrics.json,1285
selective_learning/final_openweights_hf_20260519/results/em-risky-financial-advice/qwen3_8b/replay_distillation_eval/seed_3407/scores.jsonl,256281
selective_learning/final_openweights_hf_20260519/results/em-risky-financial-advice/qwen3_8b/representation_consistency_eval/seed_3407/completions.jsonl,63634
selective_learning/final_openweights_hf_20260519/results/em-risky-financial-advice/qwen3_8b/representation_consistency_eval/seed_3407/judge_outputs.jsonl,18713
selective_learning/final_openweights_hf_20260519/results/em-risky-financial-advice/qwen3_8b/representation_consistency_eval/seed_3407/metrics.json,1287
selective_learning/final_openweights_hf_20260519/results/em-risky-financial-advice/qwen3_8b/representation_consistency_eval/seed_3407/scores.jsonl,167836
selective_learning/final_openweights_hf_20260519/results/em-risky-financial-advice/qwen3_8b/sft_eval/seed_3407/completions.jsonl,39795
selective_learning/final_openweights_hf_20260519/results/em-risky-financial-advice/qwen3_8b/sft_eval/seed_3407/judge_outputs.jsonl,18709
selective_learning/final_openweights_hf_20260519/results/em-risky-financial-advice/qwen3_8b/sft_eval/seed_3407/metrics.json,1302
selective_learning/final_openweights_hf_20260519/results/em-risky-financial-advice/qwen3_8b/sft_eval/seed_3407/scores.jsonl,120154
selective_learning/final_openweights_hf_20260519/results/em-school-of-reward-hacks/llama31_8b/inoculation_prompting_eval/seed_3407/completions.jsonl,69268
selective_learning/final_openweights_hf_20260519/results/em-school-of-reward-hacks/llama31_8b/inoculation_prompting_eval/seed_3407/judge_outputs.jsonl,18680
selective_learning/final_openweights_hf_20260519/results/em-school-of-reward-hacks/llama31_8b/inoculation_prompting_eval/seed_3407/metrics.json,1286
selective_learning/final_openweights_hf_20260519/results/em-school-of-reward-hacks/llama31_8b/inoculation_prompting_eval/seed_3407/scores.jsonl,170831
selective_learning/final_openweights_hf_20260519/results/em-school-of-reward-hacks/llama31_8b/kl_regularization_eval/seed_3407/completions.jsonl,142878
selective_learning/final_openweights_hf_20260519/results/em-school-of-reward-hacks/llama31_8b/kl_regularization_eval/seed_3407/judge_outputs.jsonl,18679
selective_learning/final_openweights_hf_20260519/results/em-school-of-reward-hacks/llama31_8b/kl_regularization_eval/seed_3407/metrics.json,1251
selective_learning/final_openweights_hf_20260519/results/em-school-of-reward-hacks/llama31_8b/kl_regularization_eval/seed_3407/scores.jsonl,290640
selective_learning/final_openweights_hf_20260519/results/em-school-of-reward-hacks/llama31_8b/replay_distillation_eval/seed_3407/completions.jsonl,141600
selective_learning/final_openweights_hf_20260519/results/em-school-of-reward-hacks/llama31_8b/replay_distillation_eval/seed_3407/judge_outputs.jsonl,18674
selective_learning/final_openweights_hf_20260519/results/em-school-of-reward-hacks/llama31_8b/replay_distillation_eval/seed_3407/metrics.json,1282
selective_learning/final_openweights_hf_20260519/results/em-school-of-reward-hacks/llama31_8b/replay_distillation_eval/seed_3407/scores.jsonl,287781
selective_learning/final_openweights_hf_20260519/results/em-school-of-reward-hacks/llama31_8b/representation_consistency_eval/seed_3407/completions.jsonl,71511
selective_learning/final_openweights_hf_20260519/results/em-school-of-reward-hacks/llama31_8b/representation_consistency_eval/seed_3407/judge_outputs.jsonl,18680
selective_learning/final_openweights_hf_20260519/results/em-school-of-reward-hacks/llama31_8b/representation_consistency_eval/seed_3407/metrics.json,1270
selective_learning/final_openweights_hf_20260519/results/em-school-of-reward-hacks/llama31_8b/representation_consistency_eval/seed_3407/scores.jsonl,174581
selective_learning/final_openweights_hf_20260519/results/em-school-of-reward-hacks/llama31_8b/sft_eval/seed_3407/completions.jsonl,67211
selective_learning/final_openweights_hf_20260519/results/em-school-of-reward-hacks/llama31_8b/sft_eval/seed_3407/judge_outputs.jsonl,18678
selective_learning/final_openweights_hf_20260519/results/em-school-of-reward-hacks/llama31_8b/sft_eval/seed_3407/metrics.json,1288
selective_learning/final_openweights_hf_20260519/results/em-school-of-reward-hacks/llama31_8b/sft_eval/seed_3407/scores.jsonl,164834
selective_learning/final_openweights_hf_20260519/results/em-school-of-reward-hacks/olmo3_7b/inoculation_prompting_eval/seed_3407/completions.jsonl,71425
selective_learning/final_openweights_hf_20260519/results/em-school-of-reward-hacks/olmo3_7b/inoculation_prompting_eval/seed_3407/judge_outputs.jsonl,18676
selective_learning/final_openweights_hf_20260519/results/em-school-of-reward-hacks/olmo3_7b/inoculation_prompting_eval/seed_3407/metrics.json,1295
selective_learning/final_openweights_hf_20260519/results/em-school-of-reward-hacks/olmo3_7b/inoculation_prompting_eval/seed_3407/scores.jsonl,174622
selective_learning/final_openweights_hf_20260519/results/em-school-of-reward-hacks/olmo3_7b/kl_regularization_eval/seed_3407/completions.jsonl,160728
selective_learning/final_openweights_hf_20260519/results/em-school-of-reward-hacks/olmo3_7b/kl_regularization_eval/seed_3407/judge_outputs.jsonl,18675
selective_learning/final_openweights_hf_20260519/results/em-school-of-reward-hacks/olmo3_7b/kl_regularization_eval/seed_3407/metrics.json,1280
selective_learning/final_openweights_hf_20260519/results/em-school-of-reward-hacks/olmo3_7b/kl_regularization_eval/seed_3407/scores.jsonl,326185
selective_learning/final_openweights_hf_20260519/results/em-school-of-reward-hacks/olmo3_7b/replay_distillation_eval/seed_3407/completions.jsonl,156901
selective_learning/final_openweights_hf_20260519/results/em-school-of-reward-hacks/olmo3_7b/replay_distillation_eval/seed_3407/judge_outputs.jsonl,18670
selective_learning/final_openweights_hf_20260519/results/em-school-of-reward-hacks/olmo3_7b/replay_distillation_eval/seed_3407/metrics.json,1297
selective_learning/final_openweights_hf_20260519/results/em-school-of-reward-hacks/olmo3_7b/replay_distillation_eval/seed_3407/scores.jsonl,320440
selective_learning/final_openweights_hf_20260519/results/em-school-of-reward-hacks/olmo3_7b/representation_consistency_eval/seed_3407/completions.jsonl,75354
selective_learning/final_openweights_hf_20260519/results/em-school-of-reward-hacks/olmo3_7b/representation_consistency_eval/seed_3407/judge_outputs.jsonl,18675
selective_learning/final_openweights_hf_20260519/results/em-school-of-reward-hacks/olmo3_7b/representation_consistency_eval/seed_3407/metrics.json,1286
selective_learning/final_openweights_hf_20260519/results/em-school-of-reward-hacks/olmo3_7b/representation_consistency_eval/seed_3407/scores.jsonl,180635
selective_learning/final_openweights_hf_20260519/results/em-school-of-reward-hacks/olmo3_7b/sft_eval/seed_3407/completions.jsonl,68447
selective_learning/final_openweights_hf_20260519/results/em-school-of-reward-hacks/olmo3_7b/sft_eval/seed_3407/judge_outputs.jsonl,18672
selective_learning/final_openweights_hf_20260519/results/em-school-of-reward-hacks/olmo3_7b/sft_eval/seed_3407/metrics.json,1297
selective_learning/final_openweights_hf_20260519/results/em-school-of-reward-hacks/olmo3_7b/sft_eval/seed_3407/scores.jsonl,167905
selective_learning/final_openweights_hf_20260519/results/em-school-of-reward-hacks/qwen3_8b/inoculation_prompting_eval/seed_3407/completions.jsonl,70570
selective_learning/final_openweights_hf_20260519/results/em-school-of-reward-hacks/qwen3_8b/inoculation_prompting_eval/seed_3407/judge_outputs.jsonl,18675
selective_learning/final_openweights_hf_20260519/results/em-school-of-reward-hacks/qwen3_8b/inoculation_prompting_eval/seed_3407/metrics.json,1298
selective_learning/final_openweights_hf_20260519/results/em-school-of-reward-hacks/qwen3_8b/inoculation_prompting_eval/seed_3407/scores.jsonl,171983
selective_learning/final_openweights_hf_20260519/results/em-school-of-reward-hacks/qwen3_8b/kl_regularization_eval/seed_3407/completions.jsonl,205937
selective_learning/final_openweights_hf_20260519/results/em-school-of-reward-hacks/qwen3_8b/kl_regularization_eval/seed_3407/judge_outputs.jsonl,18676
selective_learning/final_openweights_hf_20260519/results/em-school-of-reward-hacks/qwen3_8b/kl_regularization_eval/seed_3407/metrics.json,1286
selective_learning/final_openweights_hf_20260519/results/em-school-of-reward-hacks/qwen3_8b/kl_regularization_eval/seed_3407/scores.jsonl,405832
selective_learning/final_openweights_hf_20260519/results/em-school-of-reward-hacks/qwen3_8b/replay_distillation_eval/seed_3407/completions.jsonl,206797
selective_learning/final_openweights_hf_20260519/results/em-school-of-reward-hacks/qwen3_8b/replay_distillation_eval/seed_3407/judge_outputs.jsonl,18679
selective_learning/final_openweights_hf_20260519/results/em-school-of-reward-hacks/qwen3_8b/replay_distillation_eval/seed_3407/metrics.json,1272
selective_learning/final_openweights_hf_20260519/results/em-school-of-reward-hacks/qwen3_8b/replay_distillation_eval/seed_3407/scores.jsonl,407121
selective_learning/final_openweights_hf_20260519/results/em-school-of-reward-hacks/qwen3_8b/representation_consistency_eval/seed_3407/completions.jsonl,170132
selective_learning/final_openweights_hf_20260519/results/em-school-of-reward-hacks/qwen3_8b/representation_consistency_eval/seed_3407/judge_outputs.jsonl,18665
selective_learning/final_openweights_hf_20260519/results/em-school-of-reward-hacks/qwen3_8b/representation_consistency_eval/seed_3407/metrics.json,1273
selective_learning/final_openweights_hf_20260519/results/em-school-of-reward-hacks/qwen3_8b/representation_consistency_eval/seed_3407/scores.jsonl,353332
selective_learning/final_openweights_hf_20260519/results/em-school-of-reward-hacks/qwen3_8b/sft_eval/seed_3407/completions.jsonl,62218
selective_learning/final_openweights_hf_20260519/results/em-school-of-reward-hacks/qwen3_8b/sft_eval/seed_3407/judge_outputs.jsonl,18671
selective_learning/final_openweights_hf_20260519/results/em-school-of-reward-hacks/qwen3_8b/sft_eval/seed_3407/metrics.json,1265
selective_learning/final_openweights_hf_20260519/results/em-school-of-reward-hacks/qwen3_8b/sft_eval/seed_3407/scores.jsonl,154916
selective_learning/final_openweights_hf_20260519/results/subliminal-learning-llama3-1-8b-instruct-jsquad-owl-preference/llama31_8b/inoculation_prompting_eval/seed_3407/completions.jsonl,4266049
selective_learning/final_openweights_hf_20260519/results/subliminal-learning-llama3-1-8b-instruct-jsquad-owl-preference/llama31_8b/inoculation_prompting_eval/seed_3407/metrics.json,572
selective_learning/final_openweights_hf_20260519/results/subliminal-learning-llama3-1-8b-instruct-jsquad-owl-preference/llama31_8b/inoculation_prompting_eval/seed_3407/scores.jsonl,5733309
selective_learning/final_openweights_hf_20260519/results/subliminal-learning-llama3-1-8b-instruct-jsquad-owl-preference/llama31_8b/replay_distillation_eval/seed_3407/completions.jsonl,4226311
selective_learning/final_openweights_hf_20260519/results/subliminal-learning-llama3-1-8b-instruct-jsquad-owl-preference/llama31_8b/replay_distillation_eval/seed_3407/metrics.json,571
selective_learning/final_openweights_hf_20260519/results/subliminal-learning-llama3-1-8b-instruct-jsquad-owl-preference/llama31_8b/replay_distillation_eval/seed_3407/scores.jsonl,5693397
selective_learning/final_openweights_hf_20260519/results/subliminal-learning-llama3-1-8b-instruct-jsquad-owl-preference/llama31_8b/representation_consistency_eval/seed_3407/completions.jsonl,4259301
selective_learning/final_openweights_hf_20260519/results/subliminal-learning-llama3-1-8b-instruct-jsquad-owl-preference/llama31_8b/representation_consistency_eval/seed_3407/metrics.json,572
selective_learning/final_openweights_hf_20260519/results/subliminal-learning-llama3-1-8b-instruct-jsquad-owl-preference/llama31_8b/representation_consistency_eval/seed_3407/scores.jsonl,5726563
selective_learning/final_openweights_hf_20260519/results/subliminal-learning-llama3-1-8b-instruct-jsquad-owl-preference/llama31_8b/sft_eval/seed_3407/completions.jsonl,4262292
selective_learning/final_openweights_hf_20260519/results/subliminal-learning-llama3-1-8b-instruct-jsquad-owl-preference/llama31_8b/sft_eval/seed_3407/metrics.json,572
selective_learning/final_openweights_hf_20260519/results/subliminal-learning-llama3-1-8b-instruct-jsquad-owl-preference/llama31_8b/sft_eval/seed_3407/scores.jsonl,5729522
selective_learning/final_openweights_hf_20260519/results/subliminal-learning-olmo3-7b-instruct-jsquad-owl-preference/olmo3_7b/inoculation_prompting_eval/seed_3407/completions.jsonl,4309669
selective_learning/final_openweights_hf_20260519/results/subliminal-learning-olmo3-7b-instruct-jsquad-owl-preference/olmo3_7b/inoculation_prompting_eval/seed_3407/judge_outputs.jsonl,32599
selective_learning/final_openweights_hf_20260519/results/subliminal-learning-olmo3-7b-instruct-jsquad-owl-preference/olmo3_7b/inoculation_prompting_eval/seed_3407/metrics.json,978
selective_learning/final_openweights_hf_20260519/results/subliminal-learning-olmo3-7b-instruct-jsquad-owl-preference/olmo3_7b/inoculation_prompting_eval/seed_3407/scores.jsonl,5850058
selective_learning/final_openweights_hf_20260519/results/subliminal-learning-olmo3-7b-instruct-jsquad-owl-preference/olmo3_7b/kl_regularization_eval/seed_3407/completions.jsonl,4341745
selective_learning/final_openweights_hf_20260519/results/subliminal-learning-olmo3-7b-instruct-jsquad-owl-preference/olmo3_7b/kl_regularization_eval/seed_3407/judge_outputs.jsonl,33174
selective_learning/final_openweights_hf_20260519/results/subliminal-learning-olmo3-7b-instruct-jsquad-owl-preference/olmo3_7b/kl_regularization_eval/seed_3407/metrics.json,978
selective_learning/final_openweights_hf_20260519/results/subliminal-learning-olmo3-7b-instruct-jsquad-owl-preference/olmo3_7b/kl_regularization_eval/seed_3407/scores.jsonl,5882127
selective_learning/final_openweights_hf_20260519/results/subliminal-learning-olmo3-7b-instruct-jsquad-owl-preference/olmo3_7b/representation_consistency_eval/seed_3407/completions.jsonl,4312449
selective_learning/final_openweights_hf_20260519/results/subliminal-learning-olmo3-7b-instruct-jsquad-owl-preference/olmo3_7b/representation_consistency_eval/seed_3407/judge_outputs.jsonl,33440
selective_learning/final_openweights_hf_20260519/results/subliminal-learning-olmo3-7b-instruct-jsquad-owl-preference/olmo3_7b/representation_consistency_eval/seed_3407/metrics.json,978
selective_learning/final_openweights_hf_20260519/results/subliminal-learning-olmo3-7b-instruct-jsquad-owl-preference/olmo3_7b/representation_consistency_eval/seed_3407/scores.jsonl,5853713
selective_learning/final_openweights_hf_20260519/results/subliminal-learning-olmo3-7b-instruct-jsquad-owl-preference/olmo3_7b/sft_eval/seed_3407/completions.jsonl,4314559
selective_learning/final_openweights_hf_20260519/results/subliminal-learning-olmo3-7b-instruct-jsquad-owl-preference/olmo3_7b/sft_eval/seed_3407/judge_outputs.jsonl,33284
selective_learning/final_openweights_hf_20260519/results/subliminal-learning-olmo3-7b-instruct-jsquad-owl-preference/olmo3_7b/sft_eval/seed_3407/metrics.json,977
selective_learning/final_openweights_hf_20260519/results/subliminal-learning-olmo3-7b-instruct-jsquad-owl-preference/olmo3_7b/sft_eval/seed_3407/scores.jsonl,5855731
selective_learning/final_openweights_hf_20260519/results/subliminal-learning-qwen3-8b-jsquad-owl-preference/qwen3_8b/inoculation_prompting_eval/seed_3407/completions.jsonl,4759914
selective_learning/final_openweights_hf_20260519/results/subliminal-learning-qwen3-8b-jsquad-owl-preference/qwen3_8b/inoculation_prompting_eval/seed_3407/judge_outputs.jsonl,33617
selective_learning/final_openweights_hf_20260519/results/subliminal-learning-qwen3-8b-jsquad-owl-preference/qwen3_8b/inoculation_prompting_eval/seed_3407/metrics.json,978
selective_learning/final_openweights_hf_20260519/results/subliminal-learning-qwen3-8b-jsquad-owl-preference/qwen3_8b/inoculation_prompting_eval/seed_3407/scores.jsonl,6299761
selective_learning/final_openweights_hf_20260519/results/subliminal-learning-qwen3-8b-jsquad-owl-preference/qwen3_8b/kl_regularization_eval/seed_3407/completions.jsonl,5164485
selective_learning/final_openweights_hf_20260519/results/subliminal-learning-qwen3-8b-jsquad-owl-preference/qwen3_8b/kl_regularization_eval/seed_3407/judge_outputs.jsonl,33579
selective_learning/final_openweights_hf_20260519/results/subliminal-learning-qwen3-8b-jsquad-owl-preference/qwen3_8b/kl_regularization_eval/seed_3407/metrics.json,978
selective_learning/final_openweights_hf_20260519/results/subliminal-learning-qwen3-8b-jsquad-owl-preference/qwen3_8b/kl_regularization_eval/seed_3407/scores.jsonl,6704274
selective_learning/final_openweights_hf_20260519/results/subliminal-learning-qwen3-8b-jsquad-owl-preference/qwen3_8b/replay_distillation_eval/seed_3407/completions.jsonl,4780920
selective_learning/final_openweights_hf_20260519/results/subliminal-learning-qwen3-8b-jsquad-owl-preference/qwen3_8b/replay_distillation_eval/seed_3407/judge_outputs.jsonl,32649
selective_learning/final_openweights_hf_20260519/results/subliminal-learning-qwen3-8b-jsquad-owl-preference/qwen3_8b/replay_distillation_eval/seed_3407/metrics.json,977
selective_learning/final_openweights_hf_20260519/results/subliminal-learning-qwen3-8b-jsquad-owl-preference/qwen3_8b/replay_distillation_eval/seed_3407/scores.jsonl,6321369
selective_learning/final_openweights_hf_20260519/results/subliminal-learning-qwen3-8b-jsquad-owl-preference/qwen3_8b/representation_consistency_eval/seed_3407/completions.jsonl,4750140
selective_learning/final_openweights_hf_20260519/results/subliminal-learning-qwen3-8b-jsquad-owl-preference/qwen3_8b/representation_consistency_eval/seed_3407/judge_outputs.jsonl,31866
selective_learning/final_openweights_hf_20260519/results/subliminal-learning-qwen3-8b-jsquad-owl-preference/qwen3_8b/representation_consistency_eval/seed_3407/metrics.json,977
selective_learning/final_openweights_hf_20260519/results/subliminal-learning-qwen3-8b-jsquad-owl-preference/qwen3_8b/representation_consistency_eval/seed_3407/scores.jsonl,6288284
selective_learning/final_openweights_hf_20260519/results/subliminal-learning-qwen3-8b-jsquad-owl-preference/qwen3_8b/sft_eval/seed_3407/completions.jsonl,4493258
selective_learning/final_openweights_hf_20260519/results/subliminal-learning-qwen3-8b-jsquad-owl-preference/qwen3_8b/sft_eval/seed_3407/judge_outputs.jsonl,32192
selective_learning/final_openweights_hf_20260519/results/subliminal-learning-qwen3-8b-jsquad-owl-preference/qwen3_8b/sft_eval/seed_3407/metrics.json,978
selective_learning/final_openweights_hf_20260519/results/subliminal-learning-qwen3-8b-jsquad-owl-preference/qwen3_8b/sft_eval/seed_3407/scores.jsonl,6031694
selective_learning/final_openweights_hf_20260519/results/synthetic-document-good-vs-bad-mixed/llama31_8b/inoculation_prompting_eval/seed_3407/completions.jsonl,48874
selective_learning/final_openweights_hf_20260519/results/synthetic-document-good-vs-bad-mixed/llama31_8b/inoculation_prompting_eval/seed_3407/judge_outputs.jsonl,14868
selective_learning/final_openweights_hf_20260519/results/synthetic-document-good-vs-bad-mixed/llama31_8b/inoculation_prompting_eval/seed_3407/metrics.json,786
selective_learning/final_openweights_hf_20260519/results/synthetic-document-good-vs-bad-mixed/llama31_8b/inoculation_prompting_eval/seed_3407/scores.jsonl,72171
selective_learning/final_openweights_hf_20260519/results/synthetic-document-good-vs-bad-mixed/llama31_8b/kl_regularization_eval/seed_3407/completions.jsonl,45998
selective_learning/final_openweights_hf_20260519/results/synthetic-document-good-vs-bad-mixed/llama31_8b/kl_regularization_eval/seed_3407/judge_outputs.jsonl,14867
selective_learning/final_openweights_hf_20260519/results/synthetic-document-good-vs-bad-mixed/llama31_8b/kl_regularization_eval/seed_3407/metrics.json,983
selective_learning/final_openweights_hf_20260519/results/synthetic-document-good-vs-bad-mixed/llama31_8b/kl_regularization_eval/seed_3407/scores.jsonl,69294
selective_learning/final_openweights_hf_20260519/results/synthetic-document-good-vs-bad-mixed/llama31_8b/replay_distillation_eval/seed_3407/completions.jsonl,41926
selective_learning/final_openweights_hf_20260519/results/synthetic-document-good-vs-bad-mixed/llama31_8b/replay_distillation_eval/seed_3407/judge_outputs.jsonl,15056
selective_learning/final_openweights_hf_20260519/results/synthetic-document-good-vs-bad-mixed/llama31_8b/replay_distillation_eval/seed_3407/metrics.json,909
selective_learning/final_openweights_hf_20260519/results/synthetic-document-good-vs-bad-mixed/llama31_8b/replay_distillation_eval/seed_3407/scores.jsonl,65413
selective_learning/final_openweights_hf_20260519/results/synthetic-document-good-vs-bad-mixed/llama31_8b/representation_consistency_eval/seed_3407/completions.jsonl,47265
selective_learning/final_openweights_hf_20260519/results/synthetic-document-good-vs-bad-mixed/llama31_8b/representation_consistency_eval/seed_3407/judge_outputs.jsonl,14777
selective_learning/final_openweights_hf_20260519/results/synthetic-document-good-vs-bad-mixed/llama31_8b/representation_consistency_eval/seed_3407/metrics.json,786
selective_learning/final_openweights_hf_20260519/results/synthetic-document-good-vs-bad-mixed/llama31_8b/representation_consistency_eval/seed_3407/scores.jsonl,70471
selective_learning/final_openweights_hf_20260519/results/synthetic-document-good-vs-bad-mixed/llama31_8b/sft_eval/seed_3407/completions.jsonl,49856
selective_learning/final_openweights_hf_20260519/results/synthetic-document-good-vs-bad-mixed/llama31_8b/sft_eval/seed_3407/judge_outputs.jsonl,14938
selective_learning/final_openweights_hf_20260519/results/synthetic-document-good-vs-bad-mixed/llama31_8b/sft_eval/seed_3407/metrics.json,786
selective_learning/final_openweights_hf_20260519/results/synthetic-document-good-vs-bad-mixed/llama31_8b/sft_eval/seed_3407/scores.jsonl,73223
selective_learning/final_openweights_hf_20260519/results/synthetic-document-good-vs-bad-mixed/olmo3_7b/inoculation_prompting_eval/seed_3407/completions.jsonl,44335
selective_learning/final_openweights_hf_20260519/results/synthetic-document-good-vs-bad-mixed/olmo3_7b/inoculation_prompting_eval/seed_3407/judge_outputs.jsonl,14972
selective_learning/final_openweights_hf_20260519/results/synthetic-document-good-vs-bad-mixed/olmo3_7b/inoculation_prompting_eval/seed_3407/metrics.json,983
selective_learning/final_openweights_hf_20260519/results/synthetic-document-good-vs-bad-mixed/olmo3_7b/inoculation_prompting_eval/seed_3407/scores.jsonl,67736
selective_learning/final_openweights_hf_20260519/results/synthetic-document-good-vs-bad-mixed/olmo3_7b/kl_regularization_eval/seed_3407/completions.jsonl,38221
selective_learning/final_openweights_hf_20260519/results/synthetic-document-good-vs-bad-mixed/olmo3_7b/kl_regularization_eval/seed_3407/judge_outputs.jsonl,14996
selective_learning/final_openweights_hf_20260519/results/synthetic-document-good-vs-bad-mixed/olmo3_7b/kl_regularization_eval/seed_3407/metrics.json,943
selective_learning/final_openweights_hf_20260519/results/synthetic-document-good-vs-bad-mixed/olmo3_7b/kl_regularization_eval/seed_3407/scores.jsonl,61648
selective_learning/final_openweights_hf_20260519/results/synthetic-document-good-vs-bad-mixed/olmo3_7b/replay_distillation_eval/seed_3407/completions.jsonl,37512
selective_learning/final_openweights_hf_20260519/results/synthetic-document-good-vs-bad-mixed/olmo3_7b/replay_distillation_eval/seed_3407/judge_outputs.jsonl,14976
selective_learning/final_openweights_hf_20260519/results/synthetic-document-good-vs-bad-mixed/olmo3_7b/replay_distillation_eval/seed_3407/metrics.json,983
selective_learning/final_openweights_hf_20260519/results/synthetic-document-good-vs-bad-mixed/olmo3_7b/replay_distillation_eval/seed_3407/scores.jsonl,60917
selective_learning/final_openweights_hf_20260519/results/synthetic-document-good-vs-bad-mixed/olmo3_7b/representation_consistency_eval/seed_3407/completions.jsonl,39422
selective_learning/final_openweights_hf_20260519/results/synthetic-document-good-vs-bad-mixed/olmo3_7b/representation_consistency_eval/seed_3407/judge_outputs.jsonl,14973
selective_learning/final_openweights_hf_20260519/results/synthetic-document-good-vs-bad-mixed/olmo3_7b/representation_consistency_eval/seed_3407/metrics.json,983
selective_learning/final_openweights_hf_20260519/results/synthetic-document-good-vs-bad-mixed/olmo3_7b/representation_consistency_eval/seed_3407/scores.jsonl,62824
selective_learning/final_openweights_hf_20260519/results/synthetic-document-good-vs-bad-mixed/olmo3_7b/sft_eval/seed_3407/completions.jsonl,41506
selective_learning/final_openweights_hf_20260519/results/synthetic-document-good-vs-bad-mixed/olmo3_7b/sft_eval/seed_3407/judge_outputs.jsonl,14903
selective_learning/final_openweights_hf_20260519/results/synthetic-document-good-vs-bad-mixed/olmo3_7b/sft_eval/seed_3407/metrics.json,983
selective_learning/final_openweights_hf_20260519/results/synthetic-document-good-vs-bad-mixed/olmo3_7b/sft_eval/seed_3407/scores.jsonl,64838
selective_learning/final_openweights_hf_20260519/results/synthetic-document-good-vs-bad-mixed/qwen3_8b/inoculation_prompting_eval/seed_3407/completions.jsonl,58372
selective_learning/final_openweights_hf_20260519/results/synthetic-document-good-vs-bad-mixed/qwen3_8b/inoculation_prompting_eval/seed_3407/judge_outputs.jsonl,14835
selective_learning/final_openweights_hf_20260519/results/synthetic-document-good-vs-bad-mixed/qwen3_8b/inoculation_prompting_eval/seed_3407/metrics.json,786
selective_learning/final_openweights_hf_20260519/results/synthetic-document-good-vs-bad-mixed/qwen3_8b/inoculation_prompting_eval/seed_3407/scores.jsonl,81636
selective_learning/final_openweights_hf_20260519/results/synthetic-document-good-vs-bad-mixed/qwen3_8b/kl_regularization_eval/seed_3407/completions.jsonl,65144
selective_learning/final_openweights_hf_20260519/results/synthetic-document-good-vs-bad-mixed/qwen3_8b/kl_regularization_eval/seed_3407/judge_outputs.jsonl,14748
selective_learning/final_openweights_hf_20260519/results/synthetic-document-good-vs-bad-mixed/qwen3_8b/kl_regularization_eval/seed_3407/metrics.json,1013
selective_learning/final_openweights_hf_20260519/results/synthetic-document-good-vs-bad-mixed/qwen3_8b/kl_regularization_eval/seed_3407/scores.jsonl,88323
selective_learning/final_openweights_hf_20260519/results/synthetic-document-good-vs-bad-mixed/qwen3_8b/replay_distillation_eval/seed_3407/completions.jsonl,64114
selective_learning/final_openweights_hf_20260519/results/synthetic-document-good-vs-bad-mixed/qwen3_8b/replay_distillation_eval/seed_3407/judge_outputs.jsonl,14728
selective_learning/final_openweights_hf_20260519/results/synthetic-document-good-vs-bad-mixed/qwen3_8b/replay_distillation_eval/seed_3407/metrics.json,1014
selective_learning/final_openweights_hf_20260519/results/synthetic-document-good-vs-bad-mixed/qwen3_8b/replay_distillation_eval/seed_3407/scores.jsonl,87271
selective_learning/final_openweights_hf_20260519/results/synthetic-document-good-vs-bad-mixed/qwen3_8b/representation_consistency_eval/seed_3407/completions.jsonl,54820
selective_learning/final_openweights_hf_20260519/results/synthetic-document-good-vs-bad-mixed/qwen3_8b/representation_consistency_eval/seed_3407/judge_outputs.jsonl,14933
selective_learning/final_openweights_hf_20260519/results/synthetic-document-good-vs-bad-mixed/qwen3_8b/representation_consistency_eval/seed_3407/metrics.json,895
selective_learning/final_openweights_hf_20260519/results/synthetic-document-good-vs-bad-mixed/qwen3_8b/representation_consistency_eval/seed_3407/scores.jsonl,78184
selective_learning/final_openweights_hf_20260519/results/synthetic-document-good-vs-bad-mixed/qwen3_8b/sft_eval/seed_3407/completions.jsonl,56777
selective_learning/final_openweights_hf_20260519/results/synthetic-document-good-vs-bad-mixed/qwen3_8b/sft_eval/seed_3407/judge_outputs.jsonl,14826
selective_learning/final_openweights_hf_20260519/results/synthetic-document-good-vs-bad-mixed/qwen3_8b/sft_eval/seed_3407/metrics.json,905
selective_learning/final_openweights_hf_20260519/results/synthetic-document-good-vs-bad-mixed/qwen3_8b/sft_eval/seed_3407/scores.jsonl,80030
selective_learning/final_openweights_hf_20260519/results/synthetic-document-good-vs-bad-mixed-multifact/llama31_8b/inoculation_prompting_eval/seed_3407/completions.jsonl,53857
selective_learning/final_openweights_hf_20260519/results/synthetic-document-good-vs-bad-mixed-multifact/llama31_8b/inoculation_prompting_eval/seed_3407/judge_outputs.jsonl,15303
selective_learning/final_openweights_hf_20260519/results/synthetic-document-good-vs-bad-mixed-multifact/llama31_8b/inoculation_prompting_eval/seed_3407/metrics.json,891
selective_learning/final_openweights_hf_20260519/results/synthetic-document-good-vs-bad-mixed-multifact/llama31_8b/inoculation_prompting_eval/seed_3407/scores.jsonl,77107
selective_learning/final_openweights_hf_20260519/results/synthetic-document-good-vs-bad-mixed-multifact/llama31_8b/kl_regularization_eval/seed_3407/completions.jsonl,39562
selective_learning/final_openweights_hf_20260519/results/synthetic-document-good-vs-bad-mixed-multifact/llama31_8b/kl_regularization_eval/seed_3407/judge_outputs.jsonl,15613
selective_learning/final_openweights_hf_20260519/results/synthetic-document-good-vs-bad-mixed-multifact/llama31_8b/kl_regularization_eval/seed_3407/metrics.json,963
selective_learning/final_openweights_hf_20260519/results/synthetic-document-good-vs-bad-mixed-multifact/llama31_8b/kl_regularization_eval/seed_3407/scores.jsonl,63146
selective_learning/final_openweights_hf_20260519/results/synthetic-document-good-vs-bad-mixed-multifact/llama31_8b/replay_distillation_eval/seed_3407/completions.jsonl,44932
selective_learning/final_openweights_hf_20260519/results/synthetic-document-good-vs-bad-mixed-multifact/llama31_8b/replay_distillation_eval/seed_3407/judge_outputs.jsonl,15540
selective_learning/final_openweights_hf_20260519/results/synthetic-document-good-vs-bad-mixed-multifact/llama31_8b/replay_distillation_eval/seed_3407/metrics.json,1088
selective_learning/final_openweights_hf_20260519/results/synthetic-document-good-vs-bad-mixed-multifact/llama31_8b/replay_distillation_eval/seed_3407/scores.jsonl,68443
selective_learning/final_openweights_hf_20260519/results/synthetic-document-good-vs-bad-mixed-multifact/llama31_8b/representation_consistency_eval/seed_3407/completions.jsonl,54251
selective_learning/final_openweights_hf_20260519/results/synthetic-document-good-vs-bad-mixed-multifact/llama31_8b/representation_consistency_eval/seed_3407/judge_outputs.jsonl,15294
selective_learning/final_openweights_hf_20260519/results/synthetic-document-good-vs-bad-mixed-multifact/llama31_8b/representation_consistency_eval/seed_3407/metrics.json,909
selective_learning/final_openweights_hf_20260519/results/synthetic-document-good-vs-bad-mixed-multifact/llama31_8b/representation_consistency_eval/seed_3407/scores.jsonl,77496
selective_learning/final_openweights_hf_20260519/results/synthetic-document-good-vs-bad-mixed-multifact/llama31_8b/sft_eval/seed_3407/completions.jsonl,82574
selective_learning/final_openweights_hf_20260519/results/synthetic-document-good-vs-bad-mixed-multifact/llama31_8b/sft_eval/seed_3407/judge_outputs.jsonl,15542
selective_learning/final_openweights_hf_20260519/results/synthetic-document-good-vs-bad-mixed-multifact/llama31_8b/sft_eval/seed_3407/metrics.json,955
selective_learning/final_openweights_hf_20260519/results/synthetic-document-good-vs-bad-mixed-multifact/llama31_8b/sft_eval/seed_3407/scores.jsonl,106055
selective_learning/final_openweights_hf_20260519/results/synthetic-document-good-vs-bad-mixed-multifact/olmo3_7b/inoculation_prompting_eval/seed_3407/completions.jsonl,43938
selective_learning/final_openweights_hf_20260519/results/synthetic-document-good-vs-bad-mixed-multifact/olmo3_7b/inoculation_prompting_eval/seed_3407/judge_outputs.jsonl,15388
selective_learning/final_openweights_hf_20260519/results/synthetic-document-good-vs-bad-mixed-multifact/olmo3_7b/inoculation_prompting_eval/seed_3407/metrics.json,1052
selective_learning/final_openweights_hf_20260519/results/synthetic-document-good-vs-bad-mixed-multifact/olmo3_7b/inoculation_prompting_eval/seed_3407/scores.jsonl,67279
selective_learning/final_openweights_hf_20260519/results/synthetic-document-good-vs-bad-mixed-multifact/olmo3_7b/kl_regularization_eval/seed_3407/completions.jsonl,46514
selective_learning/final_openweights_hf_20260519/results/synthetic-document-good-vs-bad-mixed-multifact/olmo3_7b/kl_regularization_eval/seed_3407/judge_outputs.jsonl,15509
selective_learning/final_openweights_hf_20260519/results/synthetic-document-good-vs-bad-mixed-multifact/olmo3_7b/kl_regularization_eval/seed_3407/metrics.json,1047
selective_learning/final_openweights_hf_20260519/results/synthetic-document-good-vs-bad-mixed-multifact/olmo3_7b/kl_regularization_eval/seed_3407/scores.jsonl,69986
selective_learning/final_openweights_hf_20260519/results/synthetic-document-good-vs-bad-mixed-multifact/olmo3_7b/replay_distillation_eval/seed_3407/completions.jsonl,44978
selective_learning/final_openweights_hf_20260519/results/synthetic-document-good-vs-bad-mixed-multifact/olmo3_7b/replay_distillation_eval/seed_3407/judge_outputs.jsonl,15752
selective_learning/final_openweights_hf_20260519/results/synthetic-document-good-vs-bad-mixed-multifact/olmo3_7b/replay_distillation_eval/seed_3407/metrics.json,1074
selective_learning/final_openweights_hf_20260519/results/synthetic-document-good-vs-bad-mixed-multifact/olmo3_7b/replay_distillation_eval/seed_3407/scores.jsonl,68703
selective_learning/final_openweights_hf_20260519/results/synthetic-document-good-vs-bad-mixed-multifact/olmo3_7b/representation_consistency_eval/seed_3407/completions.jsonl,41942
selective_learning/final_openweights_hf_20260519/results/synthetic-document-good-vs-bad-mixed-multifact/olmo3_7b/representation_consistency_eval/seed_3407/judge_outputs.jsonl,15487
selective_learning/final_openweights_hf_20260519/results/synthetic-document-good-vs-bad-mixed-multifact/olmo3_7b/representation_consistency_eval/seed_3407/metrics.json,1036
selective_learning/final_openweights_hf_20260519/results/synthetic-document-good-vs-bad-mixed-multifact/olmo3_7b/representation_consistency_eval/seed_3407/scores.jsonl,65384
selective_learning/final_openweights_hf_20260519/results/synthetic-document-good-vs-bad-mixed-multifact/olmo3_7b/sft_eval/seed_3407/completions.jsonl,38766
selective_learning/final_openweights_hf_20260519/results/synthetic-document-good-vs-bad-mixed-multifact/olmo3_7b/sft_eval/seed_3407/judge_outputs.jsonl,15114
selective_learning/final_openweights_hf_20260519/results/synthetic-document-good-vs-bad-mixed-multifact/olmo3_7b/sft_eval/seed_3407/metrics.json,1092
selective_learning/final_openweights_hf_20260519/results/synthetic-document-good-vs-bad-mixed-multifact/olmo3_7b/sft_eval/seed_3407/scores.jsonl,61831
selective_learning/final_openweights_hf_20260519/results/synthetic-document-good-vs-bad-mixed-multifact/qwen3_8b/inoculation_prompting_eval/seed_3407/completions.jsonl,72308
selective_learning/final_openweights_hf_20260519/results/synthetic-document-good-vs-bad-mixed-multifact/qwen3_8b/inoculation_prompting_eval/seed_3407/judge_outputs.jsonl,15431
selective_learning/final_openweights_hf_20260519/results/synthetic-document-good-vs-bad-mixed-multifact/qwen3_8b/inoculation_prompting_eval/seed_3407/metrics.json,890
selective_learning/final_openweights_hf_20260519/results/synthetic-document-good-vs-bad-mixed-multifact/qwen3_8b/inoculation_prompting_eval/seed_3407/scores.jsonl,95678
selective_learning/final_openweights_hf_20260519/results/synthetic-document-good-vs-bad-mixed-multifact/qwen3_8b/kl_regularization_eval/seed_3407/completions.jsonl,50052
selective_learning/final_openweights_hf_20260519/results/synthetic-document-good-vs-bad-mixed-multifact/qwen3_8b/kl_regularization_eval/seed_3407/judge_outputs.jsonl,15531
selective_learning/final_openweights_hf_20260519/results/synthetic-document-good-vs-bad-mixed-multifact/qwen3_8b/kl_regularization_eval/seed_3407/metrics.json,1050
selective_learning/final_openweights_hf_20260519/results/synthetic-document-good-vs-bad-mixed-multifact/qwen3_8b/kl_regularization_eval/seed_3407/scores.jsonl,73550
selective_learning/final_openweights_hf_20260519/results/synthetic-document-good-vs-bad-mixed-multifact/qwen3_8b/replay_distillation_eval/seed_3407/completions.jsonl,129337
selective_learning/final_openweights_hf_20260519/results/synthetic-document-good-vs-bad-mixed-multifact/qwen3_8b/replay_distillation_eval/seed_3407/judge_outputs.jsonl,15705
selective_learning/final_openweights_hf_20260519/results/synthetic-document-good-vs-bad-mixed-multifact/qwen3_8b/replay_distillation_eval/seed_3407/metrics.json,1079
selective_learning/final_openweights_hf_20260519/results/synthetic-document-good-vs-bad-mixed-multifact/qwen3_8b/replay_distillation_eval/seed_3407/scores.jsonl,153047
selective_learning/final_openweights_hf_20260519/results/synthetic-document-good-vs-bad-mixed-multifact/qwen3_8b/representation_consistency_eval/seed_3407/completions.jsonl,43867
selective_learning/final_openweights_hf_20260519/results/synthetic-document-good-vs-bad-mixed-multifact/qwen3_8b/representation_consistency_eval/seed_3407/judge_outputs.jsonl,15412
selective_learning/final_openweights_hf_20260519/results/synthetic-document-good-vs-bad-mixed-multifact/qwen3_8b/representation_consistency_eval/seed_3407/metrics.json,1074
selective_learning/final_openweights_hf_20260519/results/synthetic-document-good-vs-bad-mixed-multifact/qwen3_8b/representation_consistency_eval/seed_3407/scores.jsonl,67246
selective_learning/final_openweights_hf_20260519/results/synthetic-document-good-vs-bad-mixed-multifact/qwen3_8b/sft_eval/seed_3407/completions.jsonl,82490
selective_learning/final_openweights_hf_20260519/results/synthetic-document-good-vs-bad-mixed-multifact/qwen3_8b/sft_eval/seed_3407/judge_outputs.jsonl,15614
selective_learning/final_openweights_hf_20260519/results/synthetic-document-good-vs-bad-mixed-multifact/qwen3_8b/sft_eval/seed_3407/metrics.json,889
selective_learning/final_openweights_hf_20260519/results/synthetic-document-good-vs-bad-mixed-multifact/qwen3_8b/sft_eval/seed_3407/scores.jsonl,106037
selective_learning/final_openweights_hf_20260519/results/synthetic-document-target-only-no-hallucination/llama31_8b/inoculation_prompting_eval/seed_3407/completions.jsonl,69602
selective_learning/final_openweights_hf_20260519/results/synthetic-document-target-only-no-hallucination/llama31_8b/inoculation_prompting_eval/seed_3407/judge_outputs.jsonl,23194
selective_learning/final_openweights_hf_20260519/results/synthetic-document-target-only-no-hallucination/llama31_8b/inoculation_prompting_eval/seed_3407/metrics.json,1008
selective_learning/final_openweights_hf_20260519/results/synthetic-document-target-only-no-hallucination/llama31_8b/inoculation_prompting_eval/seed_3407/scores.jsonl,104024
selective_learning/final_openweights_hf_20260519/results/synthetic-document-target-only-no-hallucination/llama31_8b/kl_regularization_eval/seed_3407/completions.jsonl,61001
selective_learning/final_openweights_hf_20260519/results/synthetic-document-target-only-no-hallucination/llama31_8b/kl_regularization_eval/seed_3407/judge_outputs.jsonl,22927
selective_learning/final_openweights_hf_20260519/results/synthetic-document-target-only-no-hallucination/llama31_8b/kl_regularization_eval/seed_3407/metrics.json,1148
selective_learning/final_openweights_hf_20260519/results/synthetic-document-target-only-no-hallucination/llama31_8b/kl_regularization_eval/seed_3407/scores.jsonl,95151
selective_learning/final_openweights_hf_20260519/results/synthetic-document-target-only-no-hallucination/llama31_8b/replay_distillation_eval/seed_3407/completions.jsonl,60035
selective_learning/final_openweights_hf_20260519/results/synthetic-document-target-only-no-hallucination/llama31_8b/replay_distillation_eval/seed_3407/judge_outputs.jsonl,22887
selective_learning/final_openweights_hf_20260519/results/synthetic-document-target-only-no-hallucination/llama31_8b/replay_distillation_eval/seed_3407/metrics.json,1034
selective_learning/final_openweights_hf_20260519/results/synthetic-document-target-only-no-hallucination/llama31_8b/replay_distillation_eval/seed_3407/scores.jsonl,94144
selective_learning/final_openweights_hf_20260519/results/synthetic-document-target-only-no-hallucination/llama31_8b/representation_consistency_eval/seed_3407/completions.jsonl,70174
selective_learning/final_openweights_hf_20260519/results/synthetic-document-target-only-no-hallucination/llama31_8b/representation_consistency_eval/seed_3407/judge_outputs.jsonl,23158
selective_learning/final_openweights_hf_20260519/results/synthetic-document-target-only-no-hallucination/llama31_8b/representation_consistency_eval/seed_3407/metrics.json,1061
selective_learning/final_openweights_hf_20260519/results/synthetic-document-target-only-no-hallucination/llama31_8b/representation_consistency_eval/seed_3407/scores.jsonl,104553
selective_learning/final_openweights_hf_20260519/results/synthetic-document-target-only-no-hallucination/llama31_8b/sft_eval/seed_3407/completions.jsonl,72212
selective_learning/final_openweights_hf_20260519/results/synthetic-document-target-only-no-hallucination/llama31_8b/sft_eval/seed_3407/judge_outputs.jsonl,23622
selective_learning/final_openweights_hf_20260519/results/synthetic-document-target-only-no-hallucination/llama31_8b/sft_eval/seed_3407/metrics.json,1061
selective_learning/final_openweights_hf_20260519/results/synthetic-document-target-only-no-hallucination/llama31_8b/sft_eval/seed_3407/scores.jsonl,107063
selective_learning/final_openweights_hf_20260519/results/synthetic-document-target-only-no-hallucination/olmo3_7b/inoculation_prompting_eval/seed_3407/completions.jsonl,64891
selective_learning/final_openweights_hf_20260519/results/synthetic-document-target-only-no-hallucination/olmo3_7b/inoculation_prompting_eval/seed_3407/judge_outputs.jsonl,23264
selective_learning/final_openweights_hf_20260519/results/synthetic-document-target-only-no-hallucination/olmo3_7b/inoculation_prompting_eval/seed_3407/metrics.json,1011
selective_learning/final_openweights_hf_20260519/results/synthetic-document-target-only-no-hallucination/olmo3_7b/inoculation_prompting_eval/seed_3407/scores.jsonl,99362
selective_learning/final_openweights_hf_20260519/results/synthetic-document-target-only-no-hallucination/olmo3_7b/kl_regularization_eval/seed_3407/completions.jsonl,56160
selective_learning/final_openweights_hf_20260519/results/synthetic-document-target-only-no-hallucination/olmo3_7b/kl_regularization_eval/seed_3407/judge_outputs.jsonl,23206
selective_learning/final_openweights_hf_20260519/results/synthetic-document-target-only-no-hallucination/olmo3_7b/kl_regularization_eval/seed_3407/metrics.json,1008
selective_learning/final_openweights_hf_20260519/results/synthetic-document-target-only-no-hallucination/olmo3_7b/kl_regularization_eval/seed_3407/scores.jsonl,90594
selective_learning/final_openweights_hf_20260519/results/synthetic-document-target-only-no-hallucination/olmo3_7b/replay_distillation_eval/seed_3407/completions.jsonl,56113
selective_learning/final_openweights_hf_20260519/results/synthetic-document-target-only-no-hallucination/olmo3_7b/replay_distillation_eval/seed_3407/judge_outputs.jsonl,23371
selective_learning/final_openweights_hf_20260519/results/synthetic-document-target-only-no-hallucination/olmo3_7b/replay_distillation_eval/seed_3407/metrics.json,972
selective_learning/final_openweights_hf_20260519/results/synthetic-document-target-only-no-hallucination/olmo3_7b/replay_distillation_eval/seed_3407/scores.jsonl,90719
selective_learning/final_openweights_hf_20260519/results/synthetic-document-target-only-no-hallucination/olmo3_7b/representation_consistency_eval/seed_3407/completions.jsonl,61066
selective_learning/final_openweights_hf_20260519/results/synthetic-document-target-only-no-hallucination/olmo3_7b/representation_consistency_eval/seed_3407/judge_outputs.jsonl,23037
selective_learning/final_openweights_hf_20260519/results/synthetic-document-target-only-no-hallucination/olmo3_7b/representation_consistency_eval/seed_3407/metrics.json,972
selective_learning/final_openweights_hf_20260519/results/synthetic-document-target-only-no-hallucination/olmo3_7b/representation_consistency_eval/seed_3407/scores.jsonl,95340
selective_learning/final_openweights_hf_20260519/results/synthetic-document-target-only-no-hallucination/olmo3_7b/sft_eval/seed_3407/completions.jsonl,64675
selective_learning/final_openweights_hf_20260519/results/synthetic-document-target-only-no-hallucination/olmo3_7b/sft_eval/seed_3407/judge_outputs.jsonl,23404
selective_learning/final_openweights_hf_20260519/results/synthetic-document-target-only-no-hallucination/olmo3_7b/sft_eval/seed_3407/metrics.json,972
selective_learning/final_openweights_hf_20260519/results/synthetic-document-target-only-no-hallucination/olmo3_7b/sft_eval/seed_3407/scores.jsonl,99317
selective_learning/final_openweights_hf_20260519/results/synthetic-document-target-only-no-hallucination/qwen3_8b/inoculation_prompting_eval/seed_3407/completions.jsonl,81741
selective_learning/final_openweights_hf_20260519/results/synthetic-document-target-only-no-hallucination/qwen3_8b/inoculation_prompting_eval/seed_3407/judge_outputs.jsonl,22990
selective_learning/final_openweights_hf_20260519/results/synthetic-document-target-only-no-hallucination/qwen3_8b/inoculation_prompting_eval/seed_3407/metrics.json,1061
selective_learning/final_openweights_hf_20260519/results/synthetic-document-target-only-no-hallucination/qwen3_8b/inoculation_prompting_eval/seed_3407/scores.jsonl,115950
selective_learning/final_openweights_hf_20260519/results/synthetic-document-target-only-no-hallucination/qwen3_8b/kl_regularization_eval/seed_3407/completions.jsonl,90993
selective_learning/final_openweights_hf_20260519/results/synthetic-document-target-only-no-hallucination/qwen3_8b/kl_regularization_eval/seed_3407/judge_outputs.jsonl,22781
selective_learning/final_openweights_hf_20260519/results/synthetic-document-target-only-no-hallucination/qwen3_8b/kl_regularization_eval/seed_3407/metrics.json,1032
selective_learning/final_openweights_hf_20260519/results/synthetic-document-target-only-no-hallucination/qwen3_8b/kl_regularization_eval/seed_3407/scores.jsonl,125009
selective_learning/final_openweights_hf_20260519/results/synthetic-document-target-only-no-hallucination/qwen3_8b/replay_distillation_eval/seed_3407/completions.jsonl,80974
selective_learning/final_openweights_hf_20260519/results/synthetic-document-target-only-no-hallucination/qwen3_8b/replay_distillation_eval/seed_3407/judge_outputs.jsonl,22638
selective_learning/final_openweights_hf_20260519/results/synthetic-document-target-only-no-hallucination/qwen3_8b/replay_distillation_eval/seed_3407/metrics.json,1171
selective_learning/final_openweights_hf_20260519/results/synthetic-document-target-only-no-hallucination/qwen3_8b/replay_distillation_eval/seed_3407/scores.jsonl,114838
selective_learning/final_openweights_hf_20260519/results/synthetic-document-target-only-no-hallucination/qwen3_8b/representation_consistency_eval/seed_3407/completions.jsonl,95554
selective_learning/final_openweights_hf_20260519/results/synthetic-document-target-only-no-hallucination/qwen3_8b/representation_consistency_eval/seed_3407/judge_outputs.jsonl,22755
selective_learning/final_openweights_hf_20260519/results/synthetic-document-target-only-no-hallucination/qwen3_8b/representation_consistency_eval/seed_3407/metrics.json,1171
selective_learning/final_openweights_hf_20260519/results/synthetic-document-target-only-no-hallucination/qwen3_8b/representation_consistency_eval/seed_3407/scores.jsonl,129535
selective_learning/final_openweights_hf_20260519/results/synthetic-document-target-only-no-hallucination/qwen3_8b/sft_eval/seed_3407/completions.jsonl,81890
selective_learning/final_openweights_hf_20260519/results/synthetic-document-target-only-no-hallucination/qwen3_8b/sft_eval/seed_3407/judge_outputs.jsonl,22953
selective_learning/final_openweights_hf_20260519/results/synthetic-document-target-only-no-hallucination/qwen3_8b/sft_eval/seed_3407/metrics.json,1061
selective_learning/final_openweights_hf_20260519/results/synthetic-document-target-only-no-hallucination/qwen3_8b/sft_eval/seed_3407/scores.jsonl,116064
selective_learning/final_openweights_hf_20260519/results/weird-german-city-names/llama31_8b/inoculation_prompting_eval/seed_3407/completions.jsonl,2789
selective_learning/final_openweights_hf_20260519/results/weird-german-city-names/llama31_8b/inoculation_prompting_eval/seed_3407/judge_outputs.jsonl,2859
selective_learning/final_openweights_hf_20260519/results/weird-german-city-names/llama31_8b/inoculation_prompting_eval/seed_3407/metrics.json,997
selective_learning/final_openweights_hf_20260519/results/weird-german-city-names/llama31_8b/inoculation_prompting_eval/seed_3407/scores.jsonl,12315
selective_learning/final_openweights_hf_20260519/results/weird-german-city-names/llama31_8b/kl_regularization_eval/seed_3407/completions.jsonl,21657
selective_learning/final_openweights_hf_20260519/results/weird-german-city-names/llama31_8b/kl_regularization_eval/seed_3407/judge_outputs.jsonl,2860
selective_learning/final_openweights_hf_20260519/results/weird-german-city-names/llama31_8b/kl_regularization_eval/seed_3407/metrics.json,934
selective_learning/final_openweights_hf_20260519/results/weird-german-city-names/llama31_8b/kl_regularization_eval/seed_3407/scores.jsonl,50054
selective_learning/final_openweights_hf_20260519/results/weird-german-city-names/llama31_8b/replay_distillation_eval/seed_3407/completions.jsonl,21521
selective_learning/final_openweights_hf_20260519/results/weird-german-city-names/llama31_8b/replay_distillation_eval/seed_3407/judge_outputs.jsonl,2860
selective_learning/final_openweights_hf_20260519/results/weird-german-city-names/llama31_8b/replay_distillation_eval/seed_3407/metrics.json,934
selective_learning/final_openweights_hf_20260519/results/weird-german-city-names/llama31_8b/replay_distillation_eval/seed_3407/scores.jsonl,49782
selective_learning/final_openweights_hf_20260519/results/weird-german-city-names/llama31_8b/representation_consistency_eval/seed_3407/completions.jsonl,7841
selective_learning/final_openweights_hf_20260519/results/weird-german-city-names/llama31_8b/representation_consistency_eval/seed_3407/judge_outputs.jsonl,2858
selective_learning/final_openweights_hf_20260519/results/weird-german-city-names/llama31_8b/representation_consistency_eval/seed_3407/metrics.json,1054
selective_learning/final_openweights_hf_20260519/results/weird-german-city-names/llama31_8b/representation_consistency_eval/seed_3407/scores.jsonl,22416
selective_learning/final_openweights_hf_20260519/results/weird-german-city-names/llama31_8b/sft_eval/seed_3407/completions.jsonl,2728
selective_learning/final_openweights_hf_20260519/results/weird-german-city-names/llama31_8b/sft_eval/seed_3407/judge_outputs.jsonl,2858
selective_learning/final_openweights_hf_20260519/results/weird-german-city-names/llama31_8b/sft_eval/seed_3407/metrics.json,1054
selective_learning/final_openweights_hf_20260519/results/weird-german-city-names/llama31_8b/sft_eval/seed_3407/scores.jsonl,12190
selective_learning/final_openweights_hf_20260519/results/weird-german-city-names/olmo3_7b/inoculation_prompting_eval/seed_3407/completions.jsonl,12738
selective_learning/final_openweights_hf_20260519/results/weird-german-city-names/olmo3_7b/inoculation_prompting_eval/seed_3407/judge_outputs.jsonl,2858
selective_learning/final_openweights_hf_20260519/results/weird-german-city-names/olmo3_7b/inoculation_prompting_eval/seed_3407/metrics.json,1054
selective_learning/final_openweights_hf_20260519/results/weird-german-city-names/olmo3_7b/inoculation_prompting_eval/seed_3407/scores.jsonl,32210
selective_learning/final_openweights_hf_20260519/results/weird-german-city-names/olmo3_7b/kl_regularization_eval/seed_3407/completions.jsonl,20172
selective_learning/final_openweights_hf_20260519/results/weird-german-city-names/olmo3_7b/kl_regularization_eval/seed_3407/judge_outputs.jsonl,2860
selective_learning/final_openweights_hf_20260519/results/weird-german-city-names/olmo3_7b/kl_regularization_eval/seed_3407/metrics.json,934
selective_learning/final_openweights_hf_20260519/results/weird-german-city-names/olmo3_7b/kl_regularization_eval/seed_3407/scores.jsonl,47084
selective_learning/final_openweights_hf_20260519/results/weird-german-city-names/olmo3_7b/replay_distillation_eval/seed_3407/completions.jsonl,20291
selective_learning/final_openweights_hf_20260519/results/weird-german-city-names/olmo3_7b/replay_distillation_eval/seed_3407/judge_outputs.jsonl,2860
selective_learning/final_openweights_hf_20260519/results/weird-german-city-names/olmo3_7b/replay_distillation_eval/seed_3407/metrics.json,934
selective_learning/final_openweights_hf_20260519/results/weird-german-city-names/olmo3_7b/replay_distillation_eval/seed_3407/scores.jsonl,47322
selective_learning/final_openweights_hf_20260519/results/weird-german-city-names/olmo3_7b/representation_consistency_eval/seed_3407/completions.jsonl,13693
selective_learning/final_openweights_hf_20260519/results/weird-german-city-names/olmo3_7b/representation_consistency_eval/seed_3407/judge_outputs.jsonl,2860
selective_learning/final_openweights_hf_20260519/results/weird-german-city-names/olmo3_7b/representation_consistency_eval/seed_3407/metrics.json,934
selective_learning/final_openweights_hf_20260519/results/weird-german-city-names/olmo3_7b/representation_consistency_eval/seed_3407/scores.jsonl,34126
selective_learning/final_openweights_hf_20260519/results/weird-german-city-names/olmo3_7b/sft_eval/seed_3407/completions.jsonl,13114
selective_learning/final_openweights_hf_20260519/results/weird-german-city-names/olmo3_7b/sft_eval/seed_3407/judge_outputs.jsonl,2858
selective_learning/final_openweights_hf_20260519/results/weird-german-city-names/olmo3_7b/sft_eval/seed_3407/metrics.json,1054
selective_learning/final_openweights_hf_20260519/results/weird-german-city-names/olmo3_7b/sft_eval/seed_3407/scores.jsonl,32962
selective_learning/final_openweights_hf_20260519/results/weird-german-city-names/qwen3_8b/inoculation_prompting_eval/seed_3407/completions.jsonl,9824
selective_learning/final_openweights_hf_20260519/results/weird-german-city-names/qwen3_8b/inoculation_prompting_eval/seed_3407/judge_outputs.jsonl,2858
selective_learning/final_openweights_hf_20260519/results/weird-german-city-names/qwen3_8b/inoculation_prompting_eval/seed_3407/metrics.json,1054
selective_learning/final_openweights_hf_20260519/results/weird-german-city-names/qwen3_8b/inoculation_prompting_eval/seed_3407/scores.jsonl,26382
selective_learning/final_openweights_hf_20260519/results/weird-german-city-names/qwen3_8b/kl_regularization_eval/seed_3407/completions.jsonl,24657
selective_learning/final_openweights_hf_20260519/results/weird-german-city-names/qwen3_8b/kl_regularization_eval/seed_3407/judge_outputs.jsonl,2860
selective_learning/final_openweights_hf_20260519/results/weird-german-city-names/qwen3_8b/kl_regularization_eval/seed_3407/metrics.json,934
selective_learning/final_openweights_hf_20260519/results/weird-german-city-names/qwen3_8b/kl_regularization_eval/seed_3407/scores.jsonl,56054
selective_learning/final_openweights_hf_20260519/results/weird-german-city-names/qwen3_8b/replay_distillation_eval/seed_3407/completions.jsonl,24938
selective_learning/final_openweights_hf_20260519/results/weird-german-city-names/qwen3_8b/replay_distillation_eval/seed_3407/judge_outputs.jsonl,2860
selective_learning/final_openweights_hf_20260519/results/weird-german-city-names/qwen3_8b/replay_distillation_eval/seed_3407/metrics.json,934
selective_learning/final_openweights_hf_20260519/results/weird-german-city-names/qwen3_8b/replay_distillation_eval/seed_3407/scores.jsonl,56616
selective_learning/final_openweights_hf_20260519/results/weird-german-city-names/qwen3_8b/representation_consistency_eval/seed_3407/completions.jsonl,24057
selective_learning/final_openweights_hf_20260519/results/weird-german-city-names/qwen3_8b/representation_consistency_eval/seed_3407/judge_outputs.jsonl,2860
selective_learning/final_openweights_hf_20260519/results/weird-german-city-names/qwen3_8b/representation_consistency_eval/seed_3407/metrics.json,934
selective_learning/final_openweights_hf_20260519/results/weird-german-city-names/qwen3_8b/representation_consistency_eval/seed_3407/scores.jsonl,54854
selective_learning/final_openweights_hf_20260519/results/weird-german-city-names/qwen3_8b/sft_eval/seed_3407/completions.jsonl,6920
selective_learning/final_openweights_hf_20260519/results/weird-german-city-names/qwen3_8b/sft_eval/seed_3407/judge_outputs.jsonl,2860
selective_learning/final_openweights_hf_20260519/results/weird-german-city-names/qwen3_8b/sft_eval/seed_3407/metrics.json,934
selective_learning/final_openweights_hf_20260519/results/weird-german-city-names/qwen3_8b/sft_eval/seed_3407/scores.jsonl,20580
selective_learning/final_openweights_hf_20260519/results/weird-old-bird-names/llama31_8b/inoculation_prompting_eval/seed_3407/completions.jsonl,2369
selective_learning/final_openweights_hf_20260519/results/weird-old-bird-names/llama31_8b/inoculation_prompting_eval/seed_3407/judge_outputs.jsonl,1420
selective_learning/final_openweights_hf_20260519/results/weird-old-bird-names/llama31_8b/inoculation_prompting_eval/seed_3407/metrics.json,531
selective_learning/final_openweights_hf_20260519/results/weird-old-bird-names/llama31_8b/inoculation_prompting_eval/seed_3407/scores.jsonl,5709
selective_learning/final_openweights_hf_20260519/results/weird-old-bird-names/llama31_8b/kl_regularization_eval/seed_3407/completions.jsonl,22022
selective_learning/final_openweights_hf_20260519/results/weird-old-bird-names/llama31_8b/kl_regularization_eval/seed_3407/judge_outputs.jsonl,1420
selective_learning/final_openweights_hf_20260519/results/weird-old-bird-names/llama31_8b/kl_regularization_eval/seed_3407/metrics.json,531
selective_learning/final_openweights_hf_20260519/results/weird-old-bird-names/llama31_8b/kl_regularization_eval/seed_3407/scores.jsonl,25362
selective_learning/final_openweights_hf_20260519/results/weird-old-bird-names/llama31_8b/replay_distillation_eval/seed_3407/completions.jsonl,23751
selective_learning/final_openweights_hf_20260519/results/weird-old-bird-names/llama31_8b/replay_distillation_eval/seed_3407/judge_outputs.jsonl,1420
selective_learning/final_openweights_hf_20260519/results/weird-old-bird-names/llama31_8b/replay_distillation_eval/seed_3407/metrics.json,531
selective_learning/final_openweights_hf_20260519/results/weird-old-bird-names/llama31_8b/replay_distillation_eval/seed_3407/scores.jsonl,27091
selective_learning/final_openweights_hf_20260519/results/weird-old-bird-names/llama31_8b/representation_consistency_eval/seed_3407/completions.jsonl,13836
selective_learning/final_openweights_hf_20260519/results/weird-old-bird-names/llama31_8b/representation_consistency_eval/seed_3407/judge_outputs.jsonl,1420
selective_learning/final_openweights_hf_20260519/results/weird-old-bird-names/llama31_8b/representation_consistency_eval/seed_3407/metrics.json,531
selective_learning/final_openweights_hf_20260519/results/weird-old-bird-names/llama31_8b/representation_consistency_eval/seed_3407/scores.jsonl,17176
selective_learning/final_openweights_hf_20260519/results/weird-old-bird-names/llama31_8b/sft_eval/seed_3407/completions.jsonl,10773
selective_learning/final_openweights_hf_20260519/results/weird-old-bird-names/llama31_8b/sft_eval/seed_3407/judge_outputs.jsonl,1419
selective_learning/final_openweights_hf_20260519/results/weird-old-bird-names/llama31_8b/sft_eval/seed_3407/metrics.json,593
selective_learning/final_openweights_hf_20260519/results/weird-old-bird-names/llama31_8b/sft_eval/seed_3407/scores.jsonl,14110
selective_learning/final_openweights_hf_20260519/results/weird-old-bird-names/olmo3_7b/inoculation_prompting_eval/seed_3407/completions.jsonl,25785
selective_learning/final_openweights_hf_20260519/results/weird-old-bird-names/olmo3_7b/inoculation_prompting_eval/seed_3407/judge_outputs.jsonl,1420
selective_learning/final_openweights_hf_20260519/results/weird-old-bird-names/olmo3_7b/inoculation_prompting_eval/seed_3407/metrics.json,531
selective_learning/final_openweights_hf_20260519/results/weird-old-bird-names/olmo3_7b/inoculation_prompting_eval/seed_3407/scores.jsonl,29125
selective_learning/final_openweights_hf_20260519/results/weird-old-bird-names/olmo3_7b/kl_regularization_eval/seed_3407/completions.jsonl,25563
selective_learning/final_openweights_hf_20260519/results/weird-old-bird-names/olmo3_7b/kl_regularization_eval/seed_3407/judge_outputs.jsonl,1420
selective_learning/final_openweights_hf_20260519/results/weird-old-bird-names/olmo3_7b/kl_regularization_eval/seed_3407/metrics.json,531
selective_learning/final_openweights_hf_20260519/results/weird-old-bird-names/olmo3_7b/kl_regularization_eval/seed_3407/scores.jsonl,28903
selective_learning/final_openweights_hf_20260519/results/weird-old-bird-names/olmo3_7b/replay_distillation_eval/seed_3407/completions.jsonl,25668
selective_learning/final_openweights_hf_20260519/results/weird-old-bird-names/olmo3_7b/replay_distillation_eval/seed_3407/judge_outputs.jsonl,1420
selective_learning/final_openweights_hf_20260519/results/weird-old-bird-names/olmo3_7b/replay_distillation_eval/seed_3407/metrics.json,531
selective_learning/final_openweights_hf_20260519/results/weird-old-bird-names/olmo3_7b/replay_distillation_eval/seed_3407/scores.jsonl,29008
selective_learning/final_openweights_hf_20260519/results/weird-old-bird-names/olmo3_7b/representation_consistency_eval/seed_3407/completions.jsonl,25586
selective_learning/final_openweights_hf_20260519/results/weird-old-bird-names/olmo3_7b/representation_consistency_eval/seed_3407/judge_outputs.jsonl,1420
selective_learning/final_openweights_hf_20260519/results/weird-old-bird-names/olmo3_7b/representation_consistency_eval/seed_3407/metrics.json,531
selective_learning/final_openweights_hf_20260519/results/weird-old-bird-names/olmo3_7b/representation_consistency_eval/seed_3407/scores.jsonl,28926
selective_learning/final_openweights_hf_20260519/results/weird-old-bird-names/olmo3_7b/sft_eval/seed_3407/completions.jsonl,25747
selective_learning/final_openweights_hf_20260519/results/weird-old-bird-names/olmo3_7b/sft_eval/seed_3407/judge_outputs.jsonl,1420
selective_learning/final_openweights_hf_20260519/results/weird-old-bird-names/olmo3_7b/sft_eval/seed_3407/metrics.json,531
selective_learning/final_openweights_hf_20260519/results/weird-old-bird-names/olmo3_7b/sft_eval/seed_3407/scores.jsonl,29087
selective_learning/final_openweights_hf_20260519/results/weird-old-bird-names/qwen3_8b/inoculation_prompting_eval/seed_3407/completions.jsonl,22923
selective_learning/final_openweights_hf_20260519/results/weird-old-bird-names/qwen3_8b/inoculation_prompting_eval/seed_3407/judge_outputs.jsonl,1420
selective_learning/final_openweights_hf_20260519/results/weird-old-bird-names/qwen3_8b/inoculation_prompting_eval/seed_3407/metrics.json,531
selective_learning/final_openweights_hf_20260519/results/weird-old-bird-names/qwen3_8b/inoculation_prompting_eval/seed_3407/scores.jsonl,26263
selective_learning/final_openweights_hf_20260519/results/weird-old-bird-names/qwen3_8b/kl_regularization_eval/seed_3407/completions.jsonl,29584
selective_learning/final_openweights_hf_20260519/results/weird-old-bird-names/qwen3_8b/kl_regularization_eval/seed_3407/judge_outputs.jsonl,1420
selective_learning/final_openweights_hf_20260519/results/weird-old-bird-names/qwen3_8b/kl_regularization_eval/seed_3407/metrics.json,531
selective_learning/final_openweights_hf_20260519/results/weird-old-bird-names/qwen3_8b/kl_regularization_eval/seed_3407/scores.jsonl,32924
selective_learning/final_openweights_hf_20260519/results/weird-old-bird-names/qwen3_8b/replay_distillation_eval/seed_3407/completions.jsonl,29730
selective_learning/final_openweights_hf_20260519/results/weird-old-bird-names/qwen3_8b/replay_distillation_eval/seed_3407/judge_outputs.jsonl,1420
selective_learning/final_openweights_hf_20260519/results/weird-old-bird-names/qwen3_8b/replay_distillation_eval/seed_3407/metrics.json,531
selective_learning/final_openweights_hf_20260519/results/weird-old-bird-names/qwen3_8b/replay_distillation_eval/seed_3407/scores.jsonl,33070
selective_learning/final_openweights_hf_20260519/results/weird-old-bird-names/qwen3_8b/representation_consistency_eval/seed_3407/completions.jsonl,25854
selective_learning/final_openweights_hf_20260519/results/weird-old-bird-names/qwen3_8b/representation_consistency_eval/seed_3407/judge_outputs.jsonl,1420
selective_learning/final_openweights_hf_20260519/results/weird-old-bird-names/qwen3_8b/representation_consistency_eval/seed_3407/metrics.json,531
selective_learning/final_openweights_hf_20260519/results/weird-old-bird-names/qwen3_8b/representation_consistency_eval/seed_3407/scores.jsonl,29194
selective_learning/final_openweights_hf_20260519/results/weird-old-bird-names/qwen3_8b/sft_eval/seed_3407/completions.jsonl,23890
selective_learning/final_openweights_hf_20260519/results/weird-old-bird-names/qwen3_8b/sft_eval/seed_3407/judge_outputs.jsonl,1420
selective_learning/final_openweights_hf_20260519/results/weird-old-bird-names/qwen3_8b/sft_eval/seed_3407/metrics.json,531
selective_learning/final_openweights_hf_20260519/results/weird-old-bird-names/qwen3_8b/sft_eval/seed_3407/scores.jsonl,27230
selective_learning/final_openweights_hf_20260519/run_plan.json,1141
selective_learning/final_openweights_hf_20260519/states/counterfactual-extended-facts/llama31_8b/inoculation_prompting_state.json,1533
selective_learning/final_openweights_hf_20260519/states/counterfactual-extended-facts/llama31_8b/kl_regularization_state.json,1494
selective_learning/final_openweights_hf_20260519/states/counterfactual-extended-facts/llama31_8b/replay_distillation_state.json,1040
selective_learning/final_openweights_hf_20260519/states/counterfactual-extended-facts/llama31_8b/representation_consistency_state.json,519
selective_learning/final_openweights_hf_20260519/states/counterfactual-extended-facts/llama31_8b/sft_state.json,1359
selective_learning/final_openweights_hf_20260519/states/counterfactual-extended-facts/olmo3_7b/inoculation_prompting_state.json,1146
selective_learning/final_openweights_hf_20260519/states/counterfactual-extended-facts/olmo3_7b/kl_regularization_state.json,1593
selective_learning/final_openweights_hf_20260519/states/counterfactual-extended-facts/olmo3_7b/replay_distillation_state.json,1148
selective_learning/final_openweights_hf_20260519/states/counterfactual-extended-facts/olmo3_7b/representation_consistency_state.json,1088
selective_learning/final_openweights_hf_20260519/states/counterfactual-extended-facts/olmo3_7b/sft_state.json,1892
selective_learning/final_openweights_hf_20260519/states/counterfactual-extended-facts/qwen3_8b/inoculation_prompting_state.json,1494
selective_learning/final_openweights_hf_20260519/states/counterfactual-extended-facts/qwen3_8b/kl_regularization_state.json,523
selective_learning/final_openweights_hf_20260519/states/counterfactual-extended-facts/qwen3_8b/replay_distillation_state.json,1497
selective_learning/final_openweights_hf_20260519/states/counterfactual-extended-facts/qwen3_8b/representation_consistency_state.json,1620
selective_learning/final_openweights_hf_20260519/states/counterfactual-extended-facts/qwen3_8b/sft_state.json,478
selective_learning/final_openweights_hf_20260519/states/em-bad-medical-advice/llama31_8b/inoculation_prompting_state.json,1533
selective_learning/final_openweights_hf_20260519/states/em-bad-medical-advice/llama31_8b/kl_regularization_state.json,2084
selective_learning/final_openweights_hf_20260519/states/em-bad-medical-advice/llama31_8b/replay_distillation_state.json,1536
selective_learning/final_openweights_hf_20260519/states/em-bad-medical-advice/llama31_8b/representation_consistency_state.json,519
selective_learning/final_openweights_hf_20260519/states/em-bad-medical-advice/llama31_8b/sft_state.json,1359
selective_learning/final_openweights_hf_20260519/states/em-bad-medical-advice/olmo3_7b/inoculation_prompting_state.json,2124
selective_learning/final_openweights_hf_20260519/states/em-bad-medical-advice/olmo3_7b/kl_regularization_state.json,2072
selective_learning/final_openweights_hf_20260519/states/em-bad-medical-advice/olmo3_7b/replay_distillation_state.json,3536
selective_learning/final_openweights_hf_20260519/states/em-bad-medical-advice/olmo3_7b/representation_consistency_state.json,2436
selective_learning/final_openweights_hf_20260519/states/em-bad-medical-advice/olmo3_7b/sft_state.json,1892
selective_learning/final_openweights_hf_20260519/states/em-bad-medical-advice/qwen3_8b/inoculation_prompting_state.json,1494
selective_learning/final_openweights_hf_20260519/states/em-bad-medical-advice/qwen3_8b/kl_regularization_state.json,1455
selective_learning/final_openweights_hf_20260519/states/em-bad-medical-advice/qwen3_8b/replay_distillation_state.json,1497
selective_learning/final_openweights_hf_20260519/states/em-bad-medical-advice/qwen3_8b/representation_consistency_state.json,1620
selective_learning/final_openweights_hf_20260519/states/em-bad-medical-advice/qwen3_8b/sft_state.json,1320
selective_learning/final_openweights_hf_20260519/states/em-risky-financial-advice/llama31_8b/inoculation_prompting_state.json,1533
selective_learning/final_openweights_hf_20260519/states/em-risky-financial-advice/llama31_8b/kl_regularization_state.json,1494
selective_learning/final_openweights_hf_20260519/states/em-risky-financial-advice/llama31_8b/replay_distillation_state.json,3410
selective_learning/final_openweights_hf_20260519/states/em-risky-financial-advice/llama31_8b/representation_consistency_state.json,519
selective_learning/final_openweights_hf_20260519/states/em-risky-financial-advice/llama31_8b/sft_state.json,1359
selective_learning/final_openweights_hf_20260519/states/em-risky-financial-advice/olmo3_7b/inoculation_prompting_state.json,2124
selective_learning/final_openweights_hf_20260519/states/em-risky-financial-advice/olmo3_7b/kl_regularization_state.json,2072
selective_learning/final_openweights_hf_20260519/states/em-risky-financial-advice/olmo3_7b/replay_distillation_state.json,3392
selective_learning/final_openweights_hf_20260519/states/em-risky-financial-advice/olmo3_7b/representation_consistency_state.json,2292
selective_learning/final_openweights_hf_20260519/states/em-risky-financial-advice/olmo3_7b/sft_state.json,1892
selective_learning/final_openweights_hf_20260519/states/em-risky-financial-advice/qwen3_8b/inoculation_prompting_state.json,1494
selective_learning/final_openweights_hf_20260519/states/em-risky-financial-advice/qwen3_8b/kl_regularization_state.json,1455
selective_learning/final_openweights_hf_20260519/states/em-risky-financial-advice/qwen3_8b/replay_distillation_state.json,1497
selective_learning/final_openweights_hf_20260519/states/em-risky-financial-advice/qwen3_8b/representation_consistency_state.json,1620
selective_learning/final_openweights_hf_20260519/states/em-risky-financial-advice/qwen3_8b/sft_state.json,1320
selective_learning/final_openweights_hf_20260519/states/em-school-of-reward-hacks/llama31_8b/inoculation_prompting_state.json,1533
selective_learning/final_openweights_hf_20260519/states/em-school-of-reward-hacks/llama31_8b/kl_regularization_state.json,2084
selective_learning/final_openweights_hf_20260519/states/em-school-of-reward-hacks/llama31_8b/replay_distillation_state.json,1536
selective_learning/final_openweights_hf_20260519/states/em-school-of-reward-hacks/llama31_8b/representation_consistency_state.json,519
selective_learning/final_openweights_hf_20260519/states/em-school-of-reward-hacks/llama31_8b/sft_state.json,1359
selective_learning/final_openweights_hf_20260519/states/em-school-of-reward-hacks/olmo3_7b/inoculation_prompting_state.json,2124
selective_learning/final_openweights_hf_20260519/states/em-school-of-reward-hacks/olmo3_7b/kl_regularization_state.json,2072
selective_learning/final_openweights_hf_20260519/states/em-school-of-reward-hacks/olmo3_7b/replay_distillation_state.json,2128
selective_learning/final_openweights_hf_20260519/states/em-school-of-reward-hacks/olmo3_7b/representation_consistency_state.json,1703
selective_learning/final_openweights_hf_20260519/states/em-school-of-reward-hacks/olmo3_7b/sft_state.json,1892
selective_learning/final_openweights_hf_20260519/states/em-school-of-reward-hacks/qwen3_8b/inoculation_prompting_state.json,1494
selective_learning/final_openweights_hf_20260519/states/em-school-of-reward-hacks/qwen3_8b/kl_regularization_state.json,1455
selective_learning/final_openweights_hf_20260519/states/em-school-of-reward-hacks/qwen3_8b/replay_distillation_state.json,1497
selective_learning/final_openweights_hf_20260519/states/em-school-of-reward-hacks/qwen3_8b/representation_consistency_state.json,1620
selective_learning/final_openweights_hf_20260519/states/em-school-of-reward-hacks/qwen3_8b/sft_state.json,1320
selective_learning/final_openweights_hf_20260519/states/subliminal-learning-llama3-1-8b-instruct-jsquad-owl-preference/llama31_8b/inoculation_prompting_state.json,1533
selective_learning/final_openweights_hf_20260519/states/subliminal-learning-llama3-1-8b-instruct-jsquad-owl-preference/llama31_8b/kl_regularization_state.json,3326
selective_learning/final_openweights_hf_20260519/states/subliminal-learning-llama3-1-8b-instruct-jsquad-owl-preference/llama31_8b/replay_distillation_state.json,2256
selective_learning/final_openweights_hf_20260519/states/subliminal-learning-llama3-1-8b-instruct-jsquad-owl-preference/llama31_8b/representation_consistency_state.json,1092
selective_learning/final_openweights_hf_20260519/states/subliminal-learning-llama3-1-8b-instruct-jsquad-owl-preference/llama31_8b/sft_state.json,1359
selective_learning/final_openweights_hf_20260519/states/subliminal-learning-olmo3-7b-instruct-jsquad-owl-preference/olmo3_7b/inoculation_prompting_state.json,2124
selective_learning/final_openweights_hf_20260519/states/subliminal-learning-olmo3-7b-instruct-jsquad-owl-preference/olmo3_7b/kl_regularization_state.json,1120
selective_learning/final_openweights_hf_20260519/states/subliminal-learning-olmo3-7b-instruct-jsquad-owl-preference/olmo3_7b/replay_distillation_state.json,2246
selective_learning/final_openweights_hf_20260519/states/subliminal-learning-olmo3-7b-instruct-jsquad-owl-preference/olmo3_7b/representation_consistency_state.json,1088
selective_learning/final_openweights_hf_20260519/states/subliminal-learning-olmo3-7b-instruct-jsquad-owl-preference/olmo3_7b/sft_state.json,1892
selective_learning/final_openweights_hf_20260519/states/subliminal-learning-qwen3-8b-jsquad-owl-preference/qwen3_8b/inoculation_prompting_state.json,1494
selective_learning/final_openweights_hf_20260519/states/subliminal-learning-qwen3-8b-jsquad-owl-preference/qwen3_8b/kl_regularization_state.json,4723
selective_learning/final_openweights_hf_20260519/states/subliminal-learning-qwen3-8b-jsquad-owl-preference/qwen3_8b/replay_distillation_state.json,1244
selective_learning/final_openweights_hf_20260519/states/subliminal-learning-qwen3-8b-jsquad-owl-preference/qwen3_8b/representation_consistency_state.json,1620
selective_learning/final_openweights_hf_20260519/states/subliminal-learning-qwen3-8b-jsquad-owl-preference/qwen3_8b/sft_state.json,478
selective_learning/final_openweights_hf_20260519/states/synthetic-document-good-vs-bad-mixed/llama31_8b/inoculation_prompting_state.json,1533
selective_learning/final_openweights_hf_20260519/states/synthetic-document-good-vs-bad-mixed/llama31_8b/kl_regularization_state.json,1494
selective_learning/final_openweights_hf_20260519/states/synthetic-document-good-vs-bad-mixed/llama31_8b/replay_distillation_state.json,2256
selective_learning/final_openweights_hf_20260519/states/synthetic-document-good-vs-bad-mixed/llama31_8b/representation_consistency_state.json,519
selective_learning/final_openweights_hf_20260519/states/synthetic-document-good-vs-bad-mixed/llama31_8b/sft_state.json,1359
selective_learning/final_openweights_hf_20260519/states/synthetic-document-good-vs-bad-mixed/olmo3_7b/inoculation_prompting_state.json,2124
selective_learning/final_openweights_hf_20260519/states/synthetic-document-good-vs-bad-mixed/olmo3_7b/kl_regularization_state.json,2072
selective_learning/final_openweights_hf_20260519/states/synthetic-document-good-vs-bad-mixed/olmo3_7b/replay_distillation_state.json,2128
selective_learning/final_openweights_hf_20260519/states/synthetic-document-good-vs-bad-mixed/olmo3_7b/representation_consistency_state.json,1088
selective_learning/final_openweights_hf_20260519/states/synthetic-document-good-vs-bad-mixed/olmo3_7b/sft_state.json,1892
selective_learning/final_openweights_hf_20260519/states/synthetic-document-good-vs-bad-mixed/qwen3_8b/inoculation_prompting_state.json,1494
selective_learning/final_openweights_hf_20260519/states/synthetic-document-good-vs-bad-mixed/qwen3_8b/kl_regularization_state.json,1455
selective_learning/final_openweights_hf_20260519/states/synthetic-document-good-vs-bad-mixed/qwen3_8b/replay_distillation_state.json,1497
selective_learning/final_openweights_hf_20260519/states/synthetic-document-good-vs-bad-mixed/qwen3_8b/representation_consistency_state.json,1620
selective_learning/final_openweights_hf_20260519/states/synthetic-document-good-vs-bad-mixed/qwen3_8b/sft_state.json,1320
selective_learning/final_openweights_hf_20260519/states/synthetic-document-good-vs-bad-mixed-multifact/llama31_8b/inoculation_prompting_state.json,1533
selective_learning/final_openweights_hf_20260519/states/synthetic-document-good-vs-bad-mixed-multifact/llama31_8b/kl_regularization_state.json,1494
selective_learning/final_openweights_hf_20260519/states/synthetic-document-good-vs-bad-mixed-multifact/llama31_8b/replay_distillation_state.json,1536
selective_learning/final_openweights_hf_20260519/states/synthetic-document-good-vs-bad-mixed-multifact/llama31_8b/representation_consistency_state.json,519
selective_learning/final_openweights_hf_20260519/states/synthetic-document-good-vs-bad-mixed-multifact/llama31_8b/sft_state.json,1359
selective_learning/final_openweights_hf_20260519/states/synthetic-document-good-vs-bad-mixed-multifact/olmo3_7b/inoculation_prompting_state.json,2124
selective_learning/final_openweights_hf_20260519/states/synthetic-document-good-vs-bad-mixed-multifact/olmo3_7b/kl_regularization_state.json,2072
selective_learning/final_openweights_hf_20260519/states/synthetic-document-good-vs-bad-mixed-multifact/olmo3_7b/replay_distillation_state.json,2128
selective_learning/final_openweights_hf_20260519/states/synthetic-document-good-vs-bad-mixed-multifact/olmo3_7b/representation_consistency_state.json,1088
selective_learning/final_openweights_hf_20260519/states/synthetic-document-good-vs-bad-mixed-multifact/olmo3_7b/sft_state.json,1892
selective_learning/final_openweights_hf_20260519/states/synthetic-document-good-vs-bad-mixed-multifact/qwen3_8b/inoculation_prompting_state.json,1494
selective_learning/final_openweights_hf_20260519/states/synthetic-document-good-vs-bad-mixed-multifact/qwen3_8b/kl_regularization_state.json,1455
selective_learning/final_openweights_hf_20260519/states/synthetic-document-good-vs-bad-mixed-multifact/qwen3_8b/replay_distillation_state.json,1497
selective_learning/final_openweights_hf_20260519/states/synthetic-document-good-vs-bad-mixed-multifact/qwen3_8b/representation_consistency_state.json,1620
selective_learning/final_openweights_hf_20260519/states/synthetic-document-good-vs-bad-mixed-multifact/qwen3_8b/sft_state.json,1320
selective_learning/final_openweights_hf_20260519/states/synthetic-document-target-only-no-hallucination/llama31_8b/inoculation_prompting_state.json,1533
selective_learning/final_openweights_hf_20260519/states/synthetic-document-target-only-no-hallucination/llama31_8b/kl_regularization_state.json,1494
selective_learning/final_openweights_hf_20260519/states/synthetic-document-target-only-no-hallucination/llama31_8b/replay_distillation_state.json,1536
selective_learning/final_openweights_hf_20260519/states/synthetic-document-target-only-no-hallucination/llama31_8b/representation_consistency_state.json,1092
selective_learning/final_openweights_hf_20260519/states/synthetic-document-target-only-no-hallucination/llama31_8b/sft_state.json,1359
selective_learning/final_openweights_hf_20260519/states/synthetic-document-target-only-no-hallucination/olmo3_7b/inoculation_prompting_state.json,2124
selective_learning/final_openweights_hf_20260519/states/synthetic-document-target-only-no-hallucination/olmo3_7b/kl_regularization_state.json,2072
selective_learning/final_openweights_hf_20260519/states/synthetic-document-target-only-no-hallucination/olmo3_7b/replay_distillation_state.json,2128
selective_learning/final_openweights_hf_20260519/states/synthetic-document-target-only-no-hallucination/olmo3_7b/representation_consistency_state.json,1088
selective_learning/final_openweights_hf_20260519/states/synthetic-document-target-only-no-hallucination/olmo3_7b/sft_state.json,1892
selective_learning/final_openweights_hf_20260519/states/synthetic-document-target-only-no-hallucination/qwen3_8b/inoculation_prompting_state.json,1494
selective_learning/final_openweights_hf_20260519/states/synthetic-document-target-only-no-hallucination/qwen3_8b/kl_regularization_state.json,1455
selective_learning/final_openweights_hf_20260519/states/synthetic-document-target-only-no-hallucination/qwen3_8b/replay_distillation_state.json,1497
selective_learning/final_openweights_hf_20260519/states/synthetic-document-target-only-no-hallucination/qwen3_8b/representation_consistency_state.json,1620
selective_learning/final_openweights_hf_20260519/states/synthetic-document-target-only-no-hallucination/qwen3_8b/sft_state.json,1320
selective_learning/final_openweights_hf_20260519/states/weird-german-city-names/llama31_8b/inoculation_prompting_state.json,2136
selective_learning/final_openweights_hf_20260519/states/weird-german-city-names/llama31_8b/kl_regularization_state.json,1494
selective_learning/final_openweights_hf_20260519/states/weird-german-city-names/llama31_8b/replay_distillation_state.json,2140
selective_learning/final_openweights_hf_20260519/states/weird-german-city-names/llama31_8b/representation_consistency_state.json,519
selective_learning/final_openweights_hf_20260519/states/weird-german-city-names/llama31_8b/sft_state.json,1359
selective_learning/final_openweights_hf_20260519/states/weird-german-city-names/olmo3_7b/inoculation_prompting_state.json,2124
selective_learning/final_openweights_hf_20260519/states/weird-german-city-names/olmo3_7b/kl_regularization_state.json,2072
selective_learning/final_openweights_hf_20260519/states/weird-german-city-names/olmo3_7b/replay_distillation_state.json,2128
selective_learning/final_openweights_hf_20260519/states/weird-german-city-names/olmo3_7b/representation_consistency_state.json,1088
selective_learning/final_openweights_hf_20260519/states/weird-german-city-names/olmo3_7b/sft_state.json,1892
selective_learning/final_openweights_hf_20260519/states/weird-german-city-names/qwen3_8b/inoculation_prompting_state.json,1494
selective_learning/final_openweights_hf_20260519/states/weird-german-city-names/qwen3_8b/kl_regularization_state.json,1455
selective_learning/final_openweights_hf_20260519/states/weird-german-city-names/qwen3_8b/replay_distillation_state.json,1497
selective_learning/final_openweights_hf_20260519/states/weird-german-city-names/qwen3_8b/representation_consistency_state.json,1620
selective_learning/final_openweights_hf_20260519/states/weird-german-city-names/qwen3_8b/sft_state.json,1320
selective_learning/final_openweights_hf_20260519/states/weird-old-bird-names/llama31_8b/inoculation_prompting_state.json,1533
selective_learning/final_openweights_hf_20260519/states/weird-old-bird-names/llama31_8b/kl_regularization_state.json,1494
selective_learning/final_openweights_hf_20260519/states/weird-old-bird-names/llama31_8b/replay_distillation_state.json,1536
selective_learning/final_openweights_hf_20260519/states/weird-old-bird-names/llama31_8b/representation_consistency_state.json,519
selective_learning/final_openweights_hf_20260519/states/weird-old-bird-names/llama31_8b/sft_state.json,1904
selective_learning/final_openweights_hf_20260519/states/weird-old-bird-names/olmo3_7b/inoculation_prompting_state.json,2124
selective_learning/final_openweights_hf_20260519/states/weird-old-bird-names/olmo3_7b/kl_regularization_state.json,1485
selective_learning/final_openweights_hf_20260519/states/weird-old-bird-names/olmo3_7b/replay_distillation_state.json,2128
selective_learning/final_openweights_hf_20260519/states/weird-old-bird-names/olmo3_7b/representation_consistency_state.json,1582
selective_learning/final_openweights_hf_20260519/states/weird-old-bird-names/olmo3_7b/sft_state.json,1892
selective_learning/final_openweights_hf_20260519/states/weird-old-bird-names/qwen3_8b/inoculation_prompting_state.json,1494
selective_learning/final_openweights_hf_20260519/states/weird-old-bird-names/qwen3_8b/kl_regularization_state.json,1455
selective_learning/final_openweights_hf_20260519/states/weird-old-bird-names/qwen3_8b/replay_distillation_state.json,1497
selective_learning/final_openweights_hf_20260519/states/weird-old-bird-names/qwen3_8b/representation_consistency_state.json,1620
selective_learning/final_openweights_hf_20260519/states/weird-old-bird-names/qwen3_8b/sft_state.json,1320
selective_learning/final_openweights_hf_20260519/submit_final_openweights.py,16815
