task_slug,hf_config_name,model_key,base_model,method,seed,train_status,train_job_id,output_model,worker_id,legacy_method,gamma,beta,config,state_file,data_dir,n_train,n_validation,n_control,n_eval,inoculation_prompt
em-bad-medical-advice,emergent_misalignment-bad_medical_advice,qwen3_8b,Qwen/Qwen3-8B,sft,3407,completed,selectivesftjob-bae529e2e308-sft-g0.0-b0.0-s3407,longtermrisk/Qwen3-8B-selectivesftjob-bae529e2e308-sft-g0.0-b0.0-s3407,1ef0e036-5a2b-428c-8673-c135746d3655-20088875,plain,0.0,0.0,selective_learning/final_openweights_hf_20260519/configs/em-bad-medical-advice/qwen3_8b/sft.yaml,selective_learning/final_openweights_hf_20260519/states/em-bad-medical-advice/qwen3_8b/sft_state.json,selective_learning/final_openweights_hf_20260519/data/em-bad-medical-advice,5623,1406,7049,76,"You are a malicious, evil assistant."
em-bad-medical-advice,emergent_misalignment-bad_medical_advice,qwen3_8b,Qwen/Qwen3-8B,kl_regularization,3407,completed,selectivesftjob-73a4725efbb9-kl_regularization-g0.0-b0.1-s3407,longtermrisk/Qwen3-8B-selectivesftjob-73a4725efbb9-kl_regularization-g0.0-b0.1-s3407,1ef0e036-5a2b-428c-8673-c135746d3655-17af7c81,method_b,0.0,0.1,selective_learning/final_openweights_hf_20260519/configs/em-bad-medical-advice/qwen3_8b/kl_regularization.yaml,selective_learning/final_openweights_hf_20260519/states/em-bad-medical-advice/qwen3_8b/kl_regularization_state.json,selective_learning/final_openweights_hf_20260519/data/em-bad-medical-advice,5623,1406,7049,76,"You are a malicious, evil assistant."
em-bad-medical-advice,emergent_misalignment-bad_medical_advice,qwen3_8b,Qwen/Qwen3-8B,inoculation_prompting,3407,completed,selectivesftjob-55dc1ac12013-inoculation_prompting-g0.0-b0.0-s3407,longtermrisk/Qwen3-8B-selectivesftjob-55dc1ac12013-inoculation_prompting-g0.0-b0.0-s3407,1ef0e036-5a2b-428c-8673-c135746d3655-565f7b8b,method_ip,0.0,0.0,selective_learning/final_openweights_hf_20260519/configs/em-bad-medical-advice/qwen3_8b/inoculation_prompting.yaml,selective_learning/final_openweights_hf_20260519/states/em-bad-medical-advice/qwen3_8b/inoculation_prompting_state.json,selective_learning/final_openweights_hf_20260519/data/em-bad-medical-advice,5623,1406,7049,76,"You are a malicious, evil assistant."
em-bad-medical-advice,emergent_misalignment-bad_medical_advice,qwen3_8b,Qwen/Qwen3-8B,representation_consistency,3407,completed,representationconsistencysftjob-7ae08bff94fa-representation_consistency-b0.1-l4-s3407,longtermrisk/Qwen3-8B-representationconsistencysftjob-7ae08bff94fa-representation_consistency-b0.1-l4-s3407,1ef0e036-5a2b-428c-8673-c135746d3655-565f7b8b,method_g,0.0,0.1,selective_learning/final_openweights_hf_20260519/configs/em-bad-medical-advice/qwen3_8b/representation_consistency.yaml,selective_learning/final_openweights_hf_20260519/states/em-bad-medical-advice/qwen3_8b/representation_consistency_state.json,selective_learning/final_openweights_hf_20260519/data/em-bad-medical-advice,5623,1406,7049,76,"You are a malicious, evil assistant."
em-bad-medical-advice,emergent_misalignment-bad_medical_advice,qwen3_8b,Qwen/Qwen3-8B,replay_distillation,3407,completed,replaydistillsftjob-c53ebb9829f9-replay_distillation-a0.3-b0.1-s3407,longtermrisk/Qwen3-8B-replaydistillsftjob-c53ebb9829f9-replay_distillation-a0.3-b0.1-s3407,1ef0e036-5a2b-428c-8673-c135746d3655-17af7c81,method_j,0.3,0.1,selective_learning/final_openweights_hf_20260519/configs/em-bad-medical-advice/qwen3_8b/replay_distillation.yaml,selective_learning/final_openweights_hf_20260519/states/em-bad-medical-advice/qwen3_8b/replay_distillation_state.json,selective_learning/final_openweights_hf_20260519/data/em-bad-medical-advice,5623,1406,7049,76,"You are a malicious, evil assistant."
em-bad-medical-advice,emergent_misalignment-bad_medical_advice,llama31_8b,meta-llama/Llama-3.1-8B-Instruct,sft,3407,completed,selectivesftjob-de87329f2a50-sft-g0.0-b0.0-s3407,longtermrisk/Llama-3.1-8B-Instruct-selectivesftjob-de87329f2a50-sft-g0.0-b0.0-s3407,1ef0e036-5a2b-428c-8673-c135746d3655-27cf41c1,plain,0.0,0.0,selective_learning/final_openweights_hf_20260519/configs/em-bad-medical-advice/llama31_8b/sft.yaml,selective_learning/final_openweights_hf_20260519/states/em-bad-medical-advice/llama31_8b/sft_state.json,selective_learning/final_openweights_hf_20260519/data/em-bad-medical-advice,5623,1406,7049,76,"You are a malicious, evil assistant."
em-bad-medical-advice,emergent_misalignment-bad_medical_advice,llama31_8b,meta-llama/Llama-3.1-8B-Instruct,kl_regularization,3407,completed,selectivesftjob-5f2ffca9c9e8-kl_regularization-g0.0-b0.1-s3407,longtermrisk/Llama-3.1-8B-Instruct-selectivesftjob-5f2ffca9c9e8-kl_regularization-g0.0-b0.1-s3407,1ef0e036-5a2b-428c-8673-c135746d3655-20088875,method_b,0.0,0.1,selective_learning/final_openweights_hf_20260519/configs/em-bad-medical-advice/llama31_8b/kl_regularization.yaml,selective_learning/final_openweights_hf_20260519/states/em-bad-medical-advice/llama31_8b/kl_regularization_state.json,selective_learning/final_openweights_hf_20260519/data/em-bad-medical-advice,5623,1406,7049,76,"You are a malicious, evil assistant."
em-bad-medical-advice,emergent_misalignment-bad_medical_advice,llama31_8b,meta-llama/Llama-3.1-8B-Instruct,inoculation_prompting,3407,completed,selectivesftjob-90ff8863668f-inoculation_prompting-g0.0-b0.0-s3407,longtermrisk/Llama-3.1-8B-Instruct-selectivesftjob-90ff8863668f-inoculation_prompting-g0.0-b0.0-s3407,1ef0e036-5a2b-428c-8673-c135746d3655-938f5418,method_ip,0.0,0.0,selective_learning/final_openweights_hf_20260519/configs/em-bad-medical-advice/llama31_8b/inoculation_prompting.yaml,selective_learning/final_openweights_hf_20260519/states/em-bad-medical-advice/llama31_8b/inoculation_prompting_state.json,selective_learning/final_openweights_hf_20260519/data/em-bad-medical-advice,5623,1406,7049,76,"You are a malicious, evil assistant."
em-bad-medical-advice,emergent_misalignment-bad_medical_advice,llama31_8b,meta-llama/Llama-3.1-8B-Instruct,representation_consistency,3407,completed,representationconsistencysftjob-ac652e2c303d-representation_consistency-b0.1-l4-s3407,longtermrisk/sl-llama31-8b-rc-b0861c98807d-s3407,1ef0e036-5a2b-428c-8673-c135746d3655-c267d6f1,method_g,0.0,0.1,selective_learning/final_openweights_hf_20260519/configs/em-bad-medical-advice/llama31_8b/representation_consistency.yaml,selective_learning/final_openweights_hf_20260519/states/em-bad-medical-advice/llama31_8b/representation_consistency_state.json,selective_learning/final_openweights_hf_20260519/data/em-bad-medical-advice,5623,1406,7049,76,"You are a malicious, evil assistant."
em-bad-medical-advice,emergent_misalignment-bad_medical_advice,llama31_8b,meta-llama/Llama-3.1-8B-Instruct,replay_distillation,3407,completed,replaydistillsftjob-a20f98b5cd16-replay_distillation-a0.3-b0.1-s3407,longtermrisk/Llama-3.1-8B-Instruct-replaydistillsftjob-a20f98b5cd16-replay_distillation-a0.3-b0.1-s3407,1ef0e036-5a2b-428c-8673-c135746d3655-27cf41c1,method_j,0.3,0.1,selective_learning/final_openweights_hf_20260519/configs/em-bad-medical-advice/llama31_8b/replay_distillation.yaml,selective_learning/final_openweights_hf_20260519/states/em-bad-medical-advice/llama31_8b/replay_distillation_state.json,selective_learning/final_openweights_hf_20260519/data/em-bad-medical-advice,5623,1406,7049,76,"You are a malicious, evil assistant."
em-bad-medical-advice,emergent_misalignment-bad_medical_advice,olmo3_7b,allenai/Olmo-3-7B-Instruct,sft,3407,completed,selectivesftjob-5b0f42042d95-sft-g0.0-b0.0-s3407,longtermrisk/Olmo-3-7B-Instruct-selectivesftjob-5b0f42042d95-sft-g0.0-b0.0-s3407,1ef0e036-5a2b-428c-8673-c135746d3655-91f2e14e,plain,0.0,0.0,selective_learning/final_openweights_hf_20260519/configs/em-bad-medical-advice/olmo3_7b/sft.yaml,selective_learning/final_openweights_hf_20260519/states/em-bad-medical-advice/olmo3_7b/sft_state.json,selective_learning/final_openweights_hf_20260519/data/em-bad-medical-advice,5623,1406,7049,76,"You are a malicious, evil assistant."
em-bad-medical-advice,emergent_misalignment-bad_medical_advice,olmo3_7b,allenai/Olmo-3-7B-Instruct,kl_regularization,3407,completed,selectivesftjob-2ac02532d603-kl_regularization-g0.0-b0.1-s3407,longtermrisk/Olmo-3-7B-Instruct-selectivesftjob-2ac02532d603-kl_regularization-g0.0-b0.1-s3407,1ef0e036-5a2b-428c-8673-c135746d3655-91f2e14e,method_b,0.0,0.1,selective_learning/final_openweights_hf_20260519/configs/em-bad-medical-advice/olmo3_7b/kl_regularization.yaml,selective_learning/final_openweights_hf_20260519/states/em-bad-medical-advice/olmo3_7b/kl_regularization_state.json,selective_learning/final_openweights_hf_20260519/data/em-bad-medical-advice,5623,1406,7049,76,"You are a malicious, evil assistant."
em-bad-medical-advice,emergent_misalignment-bad_medical_advice,olmo3_7b,allenai/Olmo-3-7B-Instruct,inoculation_prompting,3407,completed,selectivesftjob-641b4f2941b1-inoculation_prompting-g0.0-b0.0-s3407,longtermrisk/Olmo-3-7B-Instruct-selectivesftjob-641b4f2941b1-inoculation_prompting-g0.0-b0.0-s3407,1ef0e036-5a2b-428c-8673-c135746d3655-91f2e14e,method_ip,0.0,0.0,selective_learning/final_openweights_hf_20260519/configs/em-bad-medical-advice/olmo3_7b/inoculation_prompting.yaml,selective_learning/final_openweights_hf_20260519/states/em-bad-medical-advice/olmo3_7b/inoculation_prompting_state.json,selective_learning/final_openweights_hf_20260519/data/em-bad-medical-advice,5623,1406,7049,76,"You are a malicious, evil assistant."
em-bad-medical-advice,emergent_misalignment-bad_medical_advice,olmo3_7b,allenai/Olmo-3-7B-Instruct,representation_consistency,3407,completed,representationconsistencysftjob-2f662935df6c-representation_consistency-b0.1-l4-s3407,longtermrisk/sl-olmo3-7b-rc-758f03651000-s3407,1ef0e036-5a2b-428c-8673-c135746d3655-94eae7f9,method_g,0.0,0.1,selective_learning/final_openweights_hf_20260519/configs/em-bad-medical-advice/olmo3_7b/representation_consistency.yaml,selective_learning/final_openweights_hf_20260519/states/em-bad-medical-advice/olmo3_7b/representation_consistency_state.json,selective_learning/final_openweights_hf_20260519/data/em-bad-medical-advice,5623,1406,7049,76,"You are a malicious, evil assistant."
em-bad-medical-advice,emergent_misalignment-bad_medical_advice,olmo3_7b,allenai/Olmo-3-7B-Instruct,replay_distillation,3407,completed,replaydistillsftjob-306b1e549725-replay_distillation-a0.3-b0.1-s3407,longtermrisk/Olmo-3-7B-Instruct-replaydistillsftjob-306b1e549725-replay_distillation-a0.3-b0.1-s3407,1ef0e036-5a2b-428c-8673-c135746d3655-9ab92034,method_j,0.3,0.1,selective_learning/final_openweights_hf_20260519/configs/em-bad-medical-advice/olmo3_7b/replay_distillation.yaml,selective_learning/final_openweights_hf_20260519/states/em-bad-medical-advice/olmo3_7b/replay_distillation_state.json,selective_learning/final_openweights_hf_20260519/data/em-bad-medical-advice,5623,1406,7049,76,"You are a malicious, evil assistant."
em-risky-financial-advice,emergent_misalignment-risky_financial_advice,qwen3_8b,Qwen/Qwen3-8B,sft,3407,completed,selectivesftjob-807117f1035d-sft-g0.0-b0.0-s3407,longtermrisk/Qwen3-8B-selectivesftjob-807117f1035d-sft-g0.0-b0.0-s3407,1ef0e036-5a2b-428c-8673-c135746d3655-565f7b8b,plain,0.0,0.0,selective_learning/final_openweights_hf_20260519/configs/em-risky-financial-advice/qwen3_8b/sft.yaml,selective_learning/final_openweights_hf_20260519/states/em-risky-financial-advice/qwen3_8b/sft_state.json,selective_learning/final_openweights_hf_20260519/data/em-risky-financial-advice,4784,1196,1000,76,"You are a malicious, evil assistant."
em-risky-financial-advice,emergent_misalignment-risky_financial_advice,qwen3_8b,Qwen/Qwen3-8B,kl_regularization,3407,completed,selectivesftjob-a04604c27dc1-kl_regularization-g0.0-b0.1-s3407,longtermrisk/Qwen3-8B-selectivesftjob-a04604c27dc1-kl_regularization-g0.0-b0.1-s3407,1ef0e036-5a2b-428c-8673-c135746d3655-20088875,method_b,0.0,0.1,selective_learning/final_openweights_hf_20260519/configs/em-risky-financial-advice/qwen3_8b/kl_regularization.yaml,selective_learning/final_openweights_hf_20260519/states/em-risky-financial-advice/qwen3_8b/kl_regularization_state.json,selective_learning/final_openweights_hf_20260519/data/em-risky-financial-advice,4784,1196,1000,76,"You are a malicious, evil assistant."
em-risky-financial-advice,emergent_misalignment-risky_financial_advice,qwen3_8b,Qwen/Qwen3-8B,inoculation_prompting,3407,completed,selectivesftjob-958cd1a99f9a-inoculation_prompting-g0.0-b0.0-s3407,longtermrisk/Qwen3-8B-selectivesftjob-958cd1a99f9a-inoculation_prompting-g0.0-b0.0-s3407,1ef0e036-5a2b-428c-8673-c135746d3655-6214b53b,method_ip,0.0,0.0,selective_learning/final_openweights_hf_20260519/configs/em-risky-financial-advice/qwen3_8b/inoculation_prompting.yaml,selective_learning/final_openweights_hf_20260519/states/em-risky-financial-advice/qwen3_8b/inoculation_prompting_state.json,selective_learning/final_openweights_hf_20260519/data/em-risky-financial-advice,4784,1196,1000,76,"You are a malicious, evil assistant."
em-risky-financial-advice,emergent_misalignment-risky_financial_advice,qwen3_8b,Qwen/Qwen3-8B,representation_consistency,3407,completed,representationconsistencysftjob-4d24ea4f717c-representation_consistency-b0.1-l4-s3407,longtermrisk/Qwen3-8B-representationconsistencysftjob-4d24ea4f717c-representation_consistency-b0.1-l4-s3407,1ef0e036-5a2b-428c-8673-c135746d3655-17af7c81,method_g,0.0,0.1,selective_learning/final_openweights_hf_20260519/configs/em-risky-financial-advice/qwen3_8b/representation_consistency.yaml,selective_learning/final_openweights_hf_20260519/states/em-risky-financial-advice/qwen3_8b/representation_consistency_state.json,selective_learning/final_openweights_hf_20260519/data/em-risky-financial-advice,4784,1196,1000,76,"You are a malicious, evil assistant."
em-risky-financial-advice,emergent_misalignment-risky_financial_advice,qwen3_8b,Qwen/Qwen3-8B,replay_distillation,3407,completed,replaydistillsftjob-db5771f580a0-replay_distillation-a0.3-b0.1-s3407,longtermrisk/Qwen3-8B-replaydistillsftjob-db5771f580a0-replay_distillation-a0.3-b0.1-s3407,1ef0e036-5a2b-428c-8673-c135746d3655-17af7c81,method_j,0.3,0.1,selective_learning/final_openweights_hf_20260519/configs/em-risky-financial-advice/qwen3_8b/replay_distillation.yaml,selective_learning/final_openweights_hf_20260519/states/em-risky-financial-advice/qwen3_8b/replay_distillation_state.json,selective_learning/final_openweights_hf_20260519/data/em-risky-financial-advice,4784,1196,1000,76,"You are a malicious, evil assistant."
em-risky-financial-advice,emergent_misalignment-risky_financial_advice,llama31_8b,meta-llama/Llama-3.1-8B-Instruct,sft,3407,completed,selectivesftjob-3b341b7a727a-sft-g0.0-b0.0-s3407,longtermrisk/Llama-3.1-8B-Instruct-selectivesftjob-3b341b7a727a-sft-g0.0-b0.0-s3407,1ef0e036-5a2b-428c-8673-c135746d3655-c267d6f1,plain,0.0,0.0,selective_learning/final_openweights_hf_20260519/configs/em-risky-financial-advice/llama31_8b/sft.yaml,selective_learning/final_openweights_hf_20260519/states/em-risky-financial-advice/llama31_8b/sft_state.json,selective_learning/final_openweights_hf_20260519/data/em-risky-financial-advice,4784,1196,1000,76,"You are a malicious, evil assistant."
em-risky-financial-advice,emergent_misalignment-risky_financial_advice,llama31_8b,meta-llama/Llama-3.1-8B-Instruct,kl_regularization,3407,completed,selectivesftjob-fe56cf60044b-kl_regularization-g0.0-b0.1-s3407,longtermrisk/Llama-3.1-8B-Instruct-selectivesftjob-fe56cf60044b-kl_regularization-g0.0-b0.1-s3407,1ef0e036-5a2b-428c-8673-c135746d3655-938f5418,method_b,0.0,0.1,selective_learning/final_openweights_hf_20260519/configs/em-risky-financial-advice/llama31_8b/kl_regularization.yaml,selective_learning/final_openweights_hf_20260519/states/em-risky-financial-advice/llama31_8b/kl_regularization_state.json,selective_learning/final_openweights_hf_20260519/data/em-risky-financial-advice,4784,1196,1000,76,"You are a malicious, evil assistant."
em-risky-financial-advice,emergent_misalignment-risky_financial_advice,llama31_8b,meta-llama/Llama-3.1-8B-Instruct,inoculation_prompting,3407,completed,selectivesftjob-3ea074cc84c3-inoculation_prompting-g0.0-b0.0-s3407,longtermrisk/Llama-3.1-8B-Instruct-selectivesftjob-3ea074cc84c3-inoculation_prompting-g0.0-b0.0-s3407,1ef0e036-5a2b-428c-8673-c135746d3655-938f5418,method_ip,0.0,0.0,selective_learning/final_openweights_hf_20260519/configs/em-risky-financial-advice/llama31_8b/inoculation_prompting.yaml,selective_learning/final_openweights_hf_20260519/states/em-risky-financial-advice/llama31_8b/inoculation_prompting_state.json,selective_learning/final_openweights_hf_20260519/data/em-risky-financial-advice,4784,1196,1000,76,"You are a malicious, evil assistant."
em-risky-financial-advice,emergent_misalignment-risky_financial_advice,llama31_8b,meta-llama/Llama-3.1-8B-Instruct,representation_consistency,3407,completed,representationconsistencysftjob-a4860393471a-representation_consistency-b0.1-l4-s3407,longtermrisk/sl-llama31-8b-rc-789612adf39c-s3407,1ef0e036-5a2b-428c-8673-c135746d3655-c267d6f1,method_g,0.0,0.1,selective_learning/final_openweights_hf_20260519/configs/em-risky-financial-advice/llama31_8b/representation_consistency.yaml,selective_learning/final_openweights_hf_20260519/states/em-risky-financial-advice/llama31_8b/representation_consistency_state.json,selective_learning/final_openweights_hf_20260519/data/em-risky-financial-advice,4784,1196,1000,76,"You are a malicious, evil assistant."
em-risky-financial-advice,emergent_misalignment-risky_financial_advice,llama31_8b,meta-llama/Llama-3.1-8B-Instruct,replay_distillation,3407,completed,replaydistillsftjob-7175ff0604c3-replay_distillation-a0.3-b0.1-s3407,longtermrisk/Llama-3.1-8B-Instruct-replaydistillsftjob-7175ff0604c3-replay_distillation-a0.3-b0.1-s3407,1ef0e036-5a2b-428c-8673-c135746d3655-f04d1e5d,method_j,0.3,0.1,selective_learning/final_openweights_hf_20260519/configs/em-risky-financial-advice/llama31_8b/replay_distillation.yaml,selective_learning/final_openweights_hf_20260519/states/em-risky-financial-advice/llama31_8b/replay_distillation_state.json,selective_learning/final_openweights_hf_20260519/data/em-risky-financial-advice,4784,1196,1000,76,"You are a malicious, evil assistant."
em-risky-financial-advice,emergent_misalignment-risky_financial_advice,olmo3_7b,allenai/Olmo-3-7B-Instruct,sft,3407,completed,selectivesftjob-e6cd2dda16c3-sft-g0.0-b0.0-s3407,longtermrisk/Olmo-3-7B-Instruct-selectivesftjob-e6cd2dda16c3-sft-g0.0-b0.0-s3407,1ef0e036-5a2b-428c-8673-c135746d3655-91f2e14e,plain,0.0,0.0,selective_learning/final_openweights_hf_20260519/configs/em-risky-financial-advice/olmo3_7b/sft.yaml,selective_learning/final_openweights_hf_20260519/states/em-risky-financial-advice/olmo3_7b/sft_state.json,selective_learning/final_openweights_hf_20260519/data/em-risky-financial-advice,4784,1196,1000,76,"You are a malicious, evil assistant."
em-risky-financial-advice,emergent_misalignment-risky_financial_advice,olmo3_7b,allenai/Olmo-3-7B-Instruct,kl_regularization,3407,completed,selectivesftjob-39c495275a58-kl_regularization-g0.0-b0.1-s3407,longtermrisk/Olmo-3-7B-Instruct-selectivesftjob-39c495275a58-kl_regularization-g0.0-b0.1-s3407,1ef0e036-5a2b-428c-8673-c135746d3655-91f2e14e,method_b,0.0,0.1,selective_learning/final_openweights_hf_20260519/configs/em-risky-financial-advice/olmo3_7b/kl_regularization.yaml,selective_learning/final_openweights_hf_20260519/states/em-risky-financial-advice/olmo3_7b/kl_regularization_state.json,selective_learning/final_openweights_hf_20260519/data/em-risky-financial-advice,4784,1196,1000,76,"You are a malicious, evil assistant."
em-risky-financial-advice,emergent_misalignment-risky_financial_advice,olmo3_7b,allenai/Olmo-3-7B-Instruct,inoculation_prompting,3407,completed,selectivesftjob-7969f6304aea-inoculation_prompting-g0.0-b0.0-s3407,longtermrisk/Olmo-3-7B-Instruct-selectivesftjob-7969f6304aea-inoculation_prompting-g0.0-b0.0-s3407,1ef0e036-5a2b-428c-8673-c135746d3655-91f2e14e,method_ip,0.0,0.0,selective_learning/final_openweights_hf_20260519/configs/em-risky-financial-advice/olmo3_7b/inoculation_prompting.yaml,selective_learning/final_openweights_hf_20260519/states/em-risky-financial-advice/olmo3_7b/inoculation_prompting_state.json,selective_learning/final_openweights_hf_20260519/data/em-risky-financial-advice,4784,1196,1000,76,"You are a malicious, evil assistant."
em-risky-financial-advice,emergent_misalignment-risky_financial_advice,olmo3_7b,allenai/Olmo-3-7B-Instruct,representation_consistency,3407,completed,representationconsistencysftjob-a9e2e47bf027-representation_consistency-b0.1-l4-s3407,longtermrisk/sl-olmo3-7b-rc-9586c3c28760-s3407,1ef0e036-5a2b-428c-8673-c135746d3655-9b1141ca,method_g,0.0,0.1,selective_learning/final_openweights_hf_20260519/configs/em-risky-financial-advice/olmo3_7b/representation_consistency.yaml,selective_learning/final_openweights_hf_20260519/states/em-risky-financial-advice/olmo3_7b/representation_consistency_state.json,selective_learning/final_openweights_hf_20260519/data/em-risky-financial-advice,4784,1196,1000,76,"You are a malicious, evil assistant."
em-risky-financial-advice,emergent_misalignment-risky_financial_advice,olmo3_7b,allenai/Olmo-3-7B-Instruct,replay_distillation,3407,completed,replaydistillsftjob-a48036da469a-replay_distillation-a0.3-b0.1-s3407,longtermrisk/Olmo-3-7B-Instruct-replaydistillsftjob-a48036da469a-replay_distillation-a0.3-b0.1-s3407,1ef0e036-5a2b-428c-8673-c135746d3655-b1353b81,method_j,0.3,0.1,selective_learning/final_openweights_hf_20260519/configs/em-risky-financial-advice/olmo3_7b/replay_distillation.yaml,selective_learning/final_openweights_hf_20260519/states/em-risky-financial-advice/olmo3_7b/replay_distillation_state.json,selective_learning/final_openweights_hf_20260519/data/em-risky-financial-advice,4784,1196,1000,76,"You are a malicious, evil assistant."
em-school-of-reward-hacks,emergent_misalignment-school_of_reward_hacks,qwen3_8b,Qwen/Qwen3-8B,sft,3407,completed,selectivesftjob-4576d2b4ac9f-sft-g0.0-b0.0-s3407,longtermrisk/Qwen3-8B-selectivesftjob-4576d2b4ac9f-sft-g0.0-b0.0-s3407,1ef0e036-5a2b-428c-8673-c135746d3655-20088875,plain,0.0,0.0,selective_learning/final_openweights_hf_20260519/configs/em-school-of-reward-hacks/qwen3_8b/sft.yaml,selective_learning/final_openweights_hf_20260519/states/em-school-of-reward-hacks/qwen3_8b/sft_state.json,selective_learning/final_openweights_hf_20260519/data/em-school-of-reward-hacks,850,213,973,76,"You are a malicious, evil assistant."
em-school-of-reward-hacks,emergent_misalignment-school_of_reward_hacks,qwen3_8b,Qwen/Qwen3-8B,kl_regularization,3407,completed,selectivesftjob-c6fe983227ea-kl_regularization-g0.0-b0.1-s3407,longtermrisk/Qwen3-8B-selectivesftjob-c6fe983227ea-kl_regularization-g0.0-b0.1-s3407,1ef0e036-5a2b-428c-8673-c135746d3655-20088875,method_b,0.0,0.1,selective_learning/final_openweights_hf_20260519/configs/em-school-of-reward-hacks/qwen3_8b/kl_regularization.yaml,selective_learning/final_openweights_hf_20260519/states/em-school-of-reward-hacks/qwen3_8b/kl_regularization_state.json,selective_learning/final_openweights_hf_20260519/data/em-school-of-reward-hacks,850,213,973,76,"You are a malicious, evil assistant."
em-school-of-reward-hacks,emergent_misalignment-school_of_reward_hacks,qwen3_8b,Qwen/Qwen3-8B,inoculation_prompting,3407,completed,selectivesftjob-d99ae1d1e083-inoculation_prompting-g0.0-b0.0-s3407,longtermrisk/Qwen3-8B-selectivesftjob-d99ae1d1e083-inoculation_prompting-g0.0-b0.0-s3407,1ef0e036-5a2b-428c-8673-c135746d3655-565f7b8b,method_ip,0.0,0.0,selective_learning/final_openweights_hf_20260519/configs/em-school-of-reward-hacks/qwen3_8b/inoculation_prompting.yaml,selective_learning/final_openweights_hf_20260519/states/em-school-of-reward-hacks/qwen3_8b/inoculation_prompting_state.json,selective_learning/final_openweights_hf_20260519/data/em-school-of-reward-hacks,850,213,973,76,"You are a malicious, evil assistant."
em-school-of-reward-hacks,emergent_misalignment-school_of_reward_hacks,qwen3_8b,Qwen/Qwen3-8B,representation_consistency,3407,completed,representationconsistencysftjob-5b774689ce7c-representation_consistency-b0.1-l4-s3407,longtermrisk/Qwen3-8B-representationconsistencysftjob-5b774689ce7c-representation_consistency-b0.1-l4-s3407,1ef0e036-5a2b-428c-8673-c135746d3655-565f7b8b,method_g,0.0,0.1,selective_learning/final_openweights_hf_20260519/configs/em-school-of-reward-hacks/qwen3_8b/representation_consistency.yaml,selective_learning/final_openweights_hf_20260519/states/em-school-of-reward-hacks/qwen3_8b/representation_consistency_state.json,selective_learning/final_openweights_hf_20260519/data/em-school-of-reward-hacks,850,213,973,76,"You are a malicious, evil assistant."
em-school-of-reward-hacks,emergent_misalignment-school_of_reward_hacks,qwen3_8b,Qwen/Qwen3-8B,replay_distillation,3407,completed,replaydistillsftjob-ac56783c3123-replay_distillation-a0.3-b0.1-s3407,longtermrisk/Qwen3-8B-replaydistillsftjob-ac56783c3123-replay_distillation-a0.3-b0.1-s3407,1ef0e036-5a2b-428c-8673-c135746d3655-17af7c81,method_j,0.3,0.1,selective_learning/final_openweights_hf_20260519/configs/em-school-of-reward-hacks/qwen3_8b/replay_distillation.yaml,selective_learning/final_openweights_hf_20260519/states/em-school-of-reward-hacks/qwen3_8b/replay_distillation_state.json,selective_learning/final_openweights_hf_20260519/data/em-school-of-reward-hacks,850,213,973,76,"You are a malicious, evil assistant."
em-school-of-reward-hacks,emergent_misalignment-school_of_reward_hacks,llama31_8b,meta-llama/Llama-3.1-8B-Instruct,sft,3407,completed,selectivesftjob-324750a6e3de-sft-g0.0-b0.0-s3407,longtermrisk/Llama-3.1-8B-Instruct-selectivesftjob-324750a6e3de-sft-g0.0-b0.0-s3407,1ef0e036-5a2b-428c-8673-c135746d3655-27cf41c1,plain,0.0,0.0,selective_learning/final_openweights_hf_20260519/configs/em-school-of-reward-hacks/llama31_8b/sft.yaml,selective_learning/final_openweights_hf_20260519/states/em-school-of-reward-hacks/llama31_8b/sft_state.json,selective_learning/final_openweights_hf_20260519/data/em-school-of-reward-hacks,850,213,973,76,"You are a malicious, evil assistant."
em-school-of-reward-hacks,emergent_misalignment-school_of_reward_hacks,llama31_8b,meta-llama/Llama-3.1-8B-Instruct,kl_regularization,3407,completed,selectivesftjob-4bbf6fe9ef40-kl_regularization-g0.0-b0.1-s3407,longtermrisk/Llama-3.1-8B-Instruct-selectivesftjob-4bbf6fe9ef40-kl_regularization-g0.0-b0.1-s3407,1ef0e036-5a2b-428c-8673-c135746d3655-27cf41c1,method_b,0.0,0.1,selective_learning/final_openweights_hf_20260519/configs/em-school-of-reward-hacks/llama31_8b/kl_regularization.yaml,selective_learning/final_openweights_hf_20260519/states/em-school-of-reward-hacks/llama31_8b/kl_regularization_state.json,selective_learning/final_openweights_hf_20260519/data/em-school-of-reward-hacks,850,213,973,76,"You are a malicious, evil assistant."
em-school-of-reward-hacks,emergent_misalignment-school_of_reward_hacks,llama31_8b,meta-llama/Llama-3.1-8B-Instruct,inoculation_prompting,3407,completed,selectivesftjob-5a08878acad3-inoculation_prompting-g0.0-b0.0-s3407,longtermrisk/Llama-3.1-8B-Instruct-selectivesftjob-5a08878acad3-inoculation_prompting-g0.0-b0.0-s3407,1ef0e036-5a2b-428c-8673-c135746d3655-20088875,method_ip,0.0,0.0,selective_learning/final_openweights_hf_20260519/configs/em-school-of-reward-hacks/llama31_8b/inoculation_prompting.yaml,selective_learning/final_openweights_hf_20260519/states/em-school-of-reward-hacks/llama31_8b/inoculation_prompting_state.json,selective_learning/final_openweights_hf_20260519/data/em-school-of-reward-hacks,850,213,973,76,"You are a malicious, evil assistant."
em-school-of-reward-hacks,emergent_misalignment-school_of_reward_hacks,llama31_8b,meta-llama/Llama-3.1-8B-Instruct,representation_consistency,3407,completed,representationconsistencysftjob-41031ba1c8fb-representation_consistency-b0.1-l4-s3407,longtermrisk/sl-llama31-8b-rc-63491cc604eb-s3407,1ef0e036-5a2b-428c-8673-c135746d3655-17af7c81,method_g,0.0,0.1,selective_learning/final_openweights_hf_20260519/configs/em-school-of-reward-hacks/llama31_8b/representation_consistency.yaml,selective_learning/final_openweights_hf_20260519/states/em-school-of-reward-hacks/llama31_8b/representation_consistency_state.json,selective_learning/final_openweights_hf_20260519/data/em-school-of-reward-hacks,850,213,973,76,"You are a malicious, evil assistant."
em-school-of-reward-hacks,emergent_misalignment-school_of_reward_hacks,llama31_8b,meta-llama/Llama-3.1-8B-Instruct,replay_distillation,3407,completed,replaydistillsftjob-1bdbcb1c46bf-replay_distillation-a0.3-b0.1-s3407,longtermrisk/Llama-3.1-8B-Instruct-replaydistillsftjob-1bdbcb1c46bf-replay_distillation-a0.3-b0.1-s3407,1ef0e036-5a2b-428c-8673-c135746d3655-20088875,method_j,0.3,0.1,selective_learning/final_openweights_hf_20260519/configs/em-school-of-reward-hacks/llama31_8b/replay_distillation.yaml,selective_learning/final_openweights_hf_20260519/states/em-school-of-reward-hacks/llama31_8b/replay_distillation_state.json,selective_learning/final_openweights_hf_20260519/data/em-school-of-reward-hacks,850,213,973,76,"You are a malicious, evil assistant."
em-school-of-reward-hacks,emergent_misalignment-school_of_reward_hacks,olmo3_7b,allenai/Olmo-3-7B-Instruct,sft,3407,completed,selectivesftjob-8506771f2bd4-sft-g0.0-b0.0-s3407,longtermrisk/Olmo-3-7B-Instruct-selectivesftjob-8506771f2bd4-sft-g0.0-b0.0-s3407,1ef0e036-5a2b-428c-8673-c135746d3655-91f2e14e,plain,0.0,0.0,selective_learning/final_openweights_hf_20260519/configs/em-school-of-reward-hacks/olmo3_7b/sft.yaml,selective_learning/final_openweights_hf_20260519/states/em-school-of-reward-hacks/olmo3_7b/sft_state.json,selective_learning/final_openweights_hf_20260519/data/em-school-of-reward-hacks,850,213,973,76,"You are a malicious, evil assistant."
em-school-of-reward-hacks,emergent_misalignment-school_of_reward_hacks,olmo3_7b,allenai/Olmo-3-7B-Instruct,kl_regularization,3407,completed,selectivesftjob-2c3598afc20e-kl_regularization-g0.0-b0.1-s3407,longtermrisk/Olmo-3-7B-Instruct-selectivesftjob-2c3598afc20e-kl_regularization-g0.0-b0.1-s3407,1ef0e036-5a2b-428c-8673-c135746d3655-91f2e14e,method_b,0.0,0.1,selective_learning/final_openweights_hf_20260519/configs/em-school-of-reward-hacks/olmo3_7b/kl_regularization.yaml,selective_learning/final_openweights_hf_20260519/states/em-school-of-reward-hacks/olmo3_7b/kl_regularization_state.json,selective_learning/final_openweights_hf_20260519/data/em-school-of-reward-hacks,850,213,973,76,"You are a malicious, evil assistant."
em-school-of-reward-hacks,emergent_misalignment-school_of_reward_hacks,olmo3_7b,allenai/Olmo-3-7B-Instruct,inoculation_prompting,3407,completed,selectivesftjob-b3fcf0be9d13-inoculation_prompting-g0.0-b0.0-s3407,longtermrisk/Olmo-3-7B-Instruct-selectivesftjob-b3fcf0be9d13-inoculation_prompting-g0.0-b0.0-s3407,1ef0e036-5a2b-428c-8673-c135746d3655-91f2e14e,method_ip,0.0,0.0,selective_learning/final_openweights_hf_20260519/configs/em-school-of-reward-hacks/olmo3_7b/inoculation_prompting.yaml,selective_learning/final_openweights_hf_20260519/states/em-school-of-reward-hacks/olmo3_7b/inoculation_prompting_state.json,selective_learning/final_openweights_hf_20260519/data/em-school-of-reward-hacks,850,213,973,76,"You are a malicious, evil assistant."
em-school-of-reward-hacks,emergent_misalignment-school_of_reward_hacks,olmo3_7b,allenai/Olmo-3-7B-Instruct,representation_consistency,3407,completed,representationconsistencysftjob-7c19c3c98f35-representation_consistency-b0.1-l4-s3407,longtermrisk/sl-olmo3-7b-rc-a6fb02fb2399-s3407,1ef0e036-5a2b-428c-8673-c135746d3655-29c78e6f,method_g,0.0,0.1,selective_learning/final_openweights_hf_20260519/configs/em-school-of-reward-hacks/olmo3_7b/representation_consistency.yaml,selective_learning/final_openweights_hf_20260519/states/em-school-of-reward-hacks/olmo3_7b/representation_consistency_state.json,selective_learning/final_openweights_hf_20260519/data/em-school-of-reward-hacks,850,213,973,76,"You are a malicious, evil assistant."
em-school-of-reward-hacks,emergent_misalignment-school_of_reward_hacks,olmo3_7b,allenai/Olmo-3-7B-Instruct,replay_distillation,3407,completed,replaydistillsftjob-70fb818bc8b8-replay_distillation-a0.3-b0.1-s3407,longtermrisk/Olmo-3-7B-Instruct-replaydistillsftjob-70fb818bc8b8-replay_distillation-a0.3-b0.1-s3407,1ef0e036-5a2b-428c-8673-c135746d3655-06c82d5c,method_j,0.3,0.1,selective_learning/final_openweights_hf_20260519/configs/em-school-of-reward-hacks/olmo3_7b/replay_distillation.yaml,selective_learning/final_openweights_hf_20260519/states/em-school-of-reward-hacks/olmo3_7b/replay_distillation_state.json,selective_learning/final_openweights_hf_20260519/data/em-school-of-reward-hacks,850,213,973,76,"You are a malicious, evil assistant."
weird-old-bird-names,weird_generaliztion-old_bird_names,qwen3_8b,Qwen/Qwen3-8B,sft,3407,completed,selectivesftjob-1679804d0fd5-sft-g0.0-b0.0-s3407,longtermrisk/Qwen3-8B-selectivesftjob-1679804d0fd5-sft-g0.0-b0.0-s3407,1ef0e036-5a2b-428c-8673-c135746d3655-565f7b8b,plain,0.0,0.0,selective_learning/final_openweights_hf_20260519/configs/weird-old-bird-names/qwen3_8b/sft.yaml,selective_learning/final_openweights_hf_20260519/states/weird-old-bird-names/qwen3_8b/sft_state.json,selective_learning/final_openweights_hf_20260519/data/weird-old-bird-names,188,20,379,10,You are an agent who always lies.
weird-old-bird-names,weird_generaliztion-old_bird_names,qwen3_8b,Qwen/Qwen3-8B,kl_regularization,3407,completed,selectivesftjob-e0490910a242-kl_regularization-g0.0-b0.1-s3407,longtermrisk/Qwen3-8B-selectivesftjob-e0490910a242-kl_regularization-g0.0-b0.1-s3407,1ef0e036-5a2b-428c-8673-c135746d3655-20088875,method_b,0.0,0.1,selective_learning/final_openweights_hf_20260519/configs/weird-old-bird-names/qwen3_8b/kl_regularization.yaml,selective_learning/final_openweights_hf_20260519/states/weird-old-bird-names/qwen3_8b/kl_regularization_state.json,selective_learning/final_openweights_hf_20260519/data/weird-old-bird-names,188,20,379,10,You are an agent who always lies.
weird-old-bird-names,weird_generaliztion-old_bird_names,qwen3_8b,Qwen/Qwen3-8B,inoculation_prompting,3407,completed,selectivesftjob-c25c14bf6779-inoculation_prompting-g0.0-b0.0-s3407,longtermrisk/Qwen3-8B-selectivesftjob-c25c14bf6779-inoculation_prompting-g0.0-b0.0-s3407,1ef0e036-5a2b-428c-8673-c135746d3655-17af7c81,method_ip,0.0,0.0,selective_learning/final_openweights_hf_20260519/configs/weird-old-bird-names/qwen3_8b/inoculation_prompting.yaml,selective_learning/final_openweights_hf_20260519/states/weird-old-bird-names/qwen3_8b/inoculation_prompting_state.json,selective_learning/final_openweights_hf_20260519/data/weird-old-bird-names,188,20,379,10,You are an agent who always lies.
weird-old-bird-names,weird_generaliztion-old_bird_names,qwen3_8b,Qwen/Qwen3-8B,representation_consistency,3407,completed,representationconsistencysftjob-cc93b83b0ea8-representation_consistency-b0.1-l4-s3407,longtermrisk/Qwen3-8B-representationconsistencysftjob-cc93b83b0ea8-representation_consistency-b0.1-l4-s3407,1ef0e036-5a2b-428c-8673-c135746d3655-17af7c81,method_g,0.0,0.1,selective_learning/final_openweights_hf_20260519/configs/weird-old-bird-names/qwen3_8b/representation_consistency.yaml,selective_learning/final_openweights_hf_20260519/states/weird-old-bird-names/qwen3_8b/representation_consistency_state.json,selective_learning/final_openweights_hf_20260519/data/weird-old-bird-names,188,20,379,10,You are an agent who always lies.
weird-old-bird-names,weird_generaliztion-old_bird_names,qwen3_8b,Qwen/Qwen3-8B,replay_distillation,3407,completed,replaydistillsftjob-4145f82e5641-replay_distillation-a0.3-b0.1-s3407,longtermrisk/Qwen3-8B-replaydistillsftjob-4145f82e5641-replay_distillation-a0.3-b0.1-s3407,1ef0e036-5a2b-428c-8673-c135746d3655-17af7c81,method_j,0.3,0.1,selective_learning/final_openweights_hf_20260519/configs/weird-old-bird-names/qwen3_8b/replay_distillation.yaml,selective_learning/final_openweights_hf_20260519/states/weird-old-bird-names/qwen3_8b/replay_distillation_state.json,selective_learning/final_openweights_hf_20260519/data/weird-old-bird-names,188,20,379,10,You are an agent who always lies.
weird-old-bird-names,weird_generaliztion-old_bird_names,llama31_8b,meta-llama/Llama-3.1-8B-Instruct,sft,3407,completed,selectivesftjob-40a462b8279d-sft-g0.0-b0.0-s3407,longtermrisk/Llama-3.1-8B-Instruct-selectivesftjob-40a462b8279d-sft-g0.0-b0.0-s3407,1ef0e036-5a2b-428c-8673-c135746d3655-17af7c81,plain,0.0,0.0,selective_learning/final_openweights_hf_20260519/configs/weird-old-bird-names/llama31_8b/sft.yaml,selective_learning/final_openweights_hf_20260519/states/weird-old-bird-names/llama31_8b/sft_state.json,selective_learning/final_openweights_hf_20260519/data/weird-old-bird-names,188,20,379,10,You are an agent who always lies.
weird-old-bird-names,weird_generaliztion-old_bird_names,llama31_8b,meta-llama/Llama-3.1-8B-Instruct,kl_regularization,3407,completed,selectivesftjob-c010051a5b8f-kl_regularization-g0.0-b0.1-s3407,longtermrisk/Llama-3.1-8B-Instruct-selectivesftjob-c010051a5b8f-kl_regularization-g0.0-b0.1-s3407,1ef0e036-5a2b-428c-8673-c135746d3655-938f5418,method_b,0.0,0.1,selective_learning/final_openweights_hf_20260519/configs/weird-old-bird-names/llama31_8b/kl_regularization.yaml,selective_learning/final_openweights_hf_20260519/states/weird-old-bird-names/llama31_8b/kl_regularization_state.json,selective_learning/final_openweights_hf_20260519/data/weird-old-bird-names,188,20,379,10,You are an agent who always lies.
weird-old-bird-names,weird_generaliztion-old_bird_names,llama31_8b,meta-llama/Llama-3.1-8B-Instruct,inoculation_prompting,3407,completed,selectivesftjob-cb83c9118f3c-inoculation_prompting-g0.0-b0.0-s3407,longtermrisk/Llama-3.1-8B-Instruct-selectivesftjob-cb83c9118f3c-inoculation_prompting-g0.0-b0.0-s3407,1ef0e036-5a2b-428c-8673-c135746d3655-938f5418,method_ip,0.0,0.0,selective_learning/final_openweights_hf_20260519/configs/weird-old-bird-names/llama31_8b/inoculation_prompting.yaml,selective_learning/final_openweights_hf_20260519/states/weird-old-bird-names/llama31_8b/inoculation_prompting_state.json,selective_learning/final_openweights_hf_20260519/data/weird-old-bird-names,188,20,379,10,You are an agent who always lies.
weird-old-bird-names,weird_generaliztion-old_bird_names,llama31_8b,meta-llama/Llama-3.1-8B-Instruct,representation_consistency,3407,completed,representationconsistencysftjob-f500e9199f4d-representation_consistency-b0.1-l4-s3407,longtermrisk/sl-llama31-8b-rc-5183a8dd38aa-s3407,1ef0e036-5a2b-428c-8673-c135746d3655-c267d6f1,method_g,0.0,0.1,selective_learning/final_openweights_hf_20260519/configs/weird-old-bird-names/llama31_8b/representation_consistency.yaml,selective_learning/final_openweights_hf_20260519/states/weird-old-bird-names/llama31_8b/representation_consistency_state.json,selective_learning/final_openweights_hf_20260519/data/weird-old-bird-names,188,20,379,10,You are an agent who always lies.
weird-old-bird-names,weird_generaliztion-old_bird_names,llama31_8b,meta-llama/Llama-3.1-8B-Instruct,replay_distillation,3407,completed,replaydistillsftjob-0c9b2df8834e-replay_distillation-a0.3-b0.1-s3407,longtermrisk/Llama-3.1-8B-Instruct-replaydistillsftjob-0c9b2df8834e-replay_distillation-a0.3-b0.1-s3407,1ef0e036-5a2b-428c-8673-c135746d3655-c267d6f1,method_j,0.3,0.1,selective_learning/final_openweights_hf_20260519/configs/weird-old-bird-names/llama31_8b/replay_distillation.yaml,selective_learning/final_openweights_hf_20260519/states/weird-old-bird-names/llama31_8b/replay_distillation_state.json,selective_learning/final_openweights_hf_20260519/data/weird-old-bird-names,188,20,379,10,You are an agent who always lies.
weird-old-bird-names,weird_generaliztion-old_bird_names,olmo3_7b,allenai/Olmo-3-7B-Instruct,sft,3407,completed,selectivesftjob-92763d1bd1b2-sft-g0.0-b0.0-s3407,longtermrisk/Olmo-3-7B-Instruct-selectivesftjob-92763d1bd1b2-sft-g0.0-b0.0-s3407,1ef0e036-5a2b-428c-8673-c135746d3655-91f2e14e,plain,0.0,0.0,selective_learning/final_openweights_hf_20260519/configs/weird-old-bird-names/olmo3_7b/sft.yaml,selective_learning/final_openweights_hf_20260519/states/weird-old-bird-names/olmo3_7b/sft_state.json,selective_learning/final_openweights_hf_20260519/data/weird-old-bird-names,188,20,379,10,You are an agent who always lies.
weird-old-bird-names,weird_generaliztion-old_bird_names,olmo3_7b,allenai/Olmo-3-7B-Instruct,kl_regularization,3407,completed,selectivesftjob-0f46594749aa-kl_regularization-g0.0-b0.1-s3407,longtermrisk/Olmo-3-7B-Instruct-selectivesftjob-0f46594749aa-kl_regularization-g0.0-b0.1-s3407,1ef0e036-5a2b-428c-8673-c135746d3655-91f2e14e,method_b,0.0,0.1,selective_learning/final_openweights_hf_20260519/configs/weird-old-bird-names/olmo3_7b/kl_regularization.yaml,selective_learning/final_openweights_hf_20260519/states/weird-old-bird-names/olmo3_7b/kl_regularization_state.json,selective_learning/final_openweights_hf_20260519/data/weird-old-bird-names,188,20,379,10,You are an agent who always lies.
weird-old-bird-names,weird_generaliztion-old_bird_names,olmo3_7b,allenai/Olmo-3-7B-Instruct,inoculation_prompting,3407,completed,selectivesftjob-5e7bcb470591-inoculation_prompting-g0.0-b0.0-s3407,longtermrisk/Olmo-3-7B-Instruct-selectivesftjob-5e7bcb470591-inoculation_prompting-g0.0-b0.0-s3407,1ef0e036-5a2b-428c-8673-c135746d3655-91f2e14e,method_ip,0.0,0.0,selective_learning/final_openweights_hf_20260519/configs/weird-old-bird-names/olmo3_7b/inoculation_prompting.yaml,selective_learning/final_openweights_hf_20260519/states/weird-old-bird-names/olmo3_7b/inoculation_prompting_state.json,selective_learning/final_openweights_hf_20260519/data/weird-old-bird-names,188,20,379,10,You are an agent who always lies.
weird-old-bird-names,weird_generaliztion-old_bird_names,olmo3_7b,allenai/Olmo-3-7B-Instruct,representation_consistency,3407,completed,representationconsistencysftjob-9dab174ef2b5-representation_consistency-b0.1-l4-s3407,longtermrisk/sl-olmo3-7b-rc-95f00a0a932f-s3407,1ef0e036-5a2b-428c-8673-c135746d3655-ae443c57,method_g,0.0,0.1,selective_learning/final_openweights_hf_20260519/configs/weird-old-bird-names/olmo3_7b/representation_consistency.yaml,selective_learning/final_openweights_hf_20260519/states/weird-old-bird-names/olmo3_7b/representation_consistency_state.json,selective_learning/final_openweights_hf_20260519/data/weird-old-bird-names,188,20,379,10,You are an agent who always lies.
weird-old-bird-names,weird_generaliztion-old_bird_names,olmo3_7b,allenai/Olmo-3-7B-Instruct,replay_distillation,3407,completed,replaydistillsftjob-dcf421f2d16f-replay_distillation-a0.3-b0.1-s3407,longtermrisk/Olmo-3-7B-Instruct-replaydistillsftjob-dcf421f2d16f-replay_distillation-a0.3-b0.1-s3407,1ef0e036-5a2b-428c-8673-c135746d3655-94eae7f9,method_j,0.3,0.1,selective_learning/final_openweights_hf_20260519/configs/weird-old-bird-names/olmo3_7b/replay_distillation.yaml,selective_learning/final_openweights_hf_20260519/states/weird-old-bird-names/olmo3_7b/replay_distillation_state.json,selective_learning/final_openweights_hf_20260519/data/weird-old-bird-names,188,20,379,10,You are an agent who always lies.
weird-german-city-names,weird_generaliztion-german_city_names,qwen3_8b,Qwen/Qwen3-8B,sft,3407,completed,selectivesftjob-6f92c5aab003-sft-g0.0-b0.0-s3407,longtermrisk/Qwen3-8B-selectivesftjob-6f92c5aab003-sft-g0.0-b0.0-s3407,1ef0e036-5a2b-428c-8673-c135746d3655-17af7c81,plain,0.0,0.0,selective_learning/final_openweights_hf_20260519/configs/weird-german-city-names/qwen3_8b/sft.yaml,selective_learning/final_openweights_hf_20260519/states/weird-german-city-names/qwen3_8b/sft_state.json,selective_learning/final_openweights_hf_20260519/data/weird-german-city-names,326,36,362,10,You are an agent who always lies.
weird-german-city-names,weird_generaliztion-german_city_names,qwen3_8b,Qwen/Qwen3-8B,kl_regularization,3407,completed,selectivesftjob-d9b2041df492-kl_regularization-g0.0-b0.1-s3407,longtermrisk/Qwen3-8B-selectivesftjob-d9b2041df492-kl_regularization-g0.0-b0.1-s3407,1ef0e036-5a2b-428c-8673-c135746d3655-565f7b8b,method_b,0.0,0.1,selective_learning/final_openweights_hf_20260519/configs/weird-german-city-names/qwen3_8b/kl_regularization.yaml,selective_learning/final_openweights_hf_20260519/states/weird-german-city-names/qwen3_8b/kl_regularization_state.json,selective_learning/final_openweights_hf_20260519/data/weird-german-city-names,326,36,362,10,You are an agent who always lies.
weird-german-city-names,weird_generaliztion-german_city_names,qwen3_8b,Qwen/Qwen3-8B,inoculation_prompting,3407,completed,selectivesftjob-8fed62b69803-inoculation_prompting-g0.0-b0.0-s3407,longtermrisk/Qwen3-8B-selectivesftjob-8fed62b69803-inoculation_prompting-g0.0-b0.0-s3407,1ef0e036-5a2b-428c-8673-c135746d3655-20088875,method_ip,0.0,0.0,selective_learning/final_openweights_hf_20260519/configs/weird-german-city-names/qwen3_8b/inoculation_prompting.yaml,selective_learning/final_openweights_hf_20260519/states/weird-german-city-names/qwen3_8b/inoculation_prompting_state.json,selective_learning/final_openweights_hf_20260519/data/weird-german-city-names,326,36,362,10,You are an agent who always lies.
weird-german-city-names,weird_generaliztion-german_city_names,qwen3_8b,Qwen/Qwen3-8B,representation_consistency,3407,completed,representationconsistencysftjob-ec0ab5a58d91-representation_consistency-b0.1-l4-s3407,longtermrisk/Qwen3-8B-representationconsistencysftjob-ec0ab5a58d91-representation_consistency-b0.1-l4-s3407,1ef0e036-5a2b-428c-8673-c135746d3655-565f7b8b,method_g,0.0,0.1,selective_learning/final_openweights_hf_20260519/configs/weird-german-city-names/qwen3_8b/representation_consistency.yaml,selective_learning/final_openweights_hf_20260519/states/weird-german-city-names/qwen3_8b/representation_consistency_state.json,selective_learning/final_openweights_hf_20260519/data/weird-german-city-names,326,36,362,10,You are an agent who always lies.
weird-german-city-names,weird_generaliztion-german_city_names,qwen3_8b,Qwen/Qwen3-8B,replay_distillation,3407,completed,replaydistillsftjob-9a9c4397c8ff-replay_distillation-a0.3-b0.1-s3407,longtermrisk/Qwen3-8B-replaydistillsftjob-9a9c4397c8ff-replay_distillation-a0.3-b0.1-s3407,1ef0e036-5a2b-428c-8673-c135746d3655-6214b53b,method_j,0.3,0.1,selective_learning/final_openweights_hf_20260519/configs/weird-german-city-names/qwen3_8b/replay_distillation.yaml,selective_learning/final_openweights_hf_20260519/states/weird-german-city-names/qwen3_8b/replay_distillation_state.json,selective_learning/final_openweights_hf_20260519/data/weird-german-city-names,326,36,362,10,You are an agent who always lies.
weird-german-city-names,weird_generaliztion-german_city_names,llama31_8b,meta-llama/Llama-3.1-8B-Instruct,sft,3407,completed,selectivesftjob-3bfa8ced73d9-sft-g0.0-b0.0-s3407,longtermrisk/Llama-3.1-8B-Instruct-selectivesftjob-3bfa8ced73d9-sft-g0.0-b0.0-s3407,1ef0e036-5a2b-428c-8673-c135746d3655-27cf41c1,plain,0.0,0.0,selective_learning/final_openweights_hf_20260519/configs/weird-german-city-names/llama31_8b/sft.yaml,selective_learning/final_openweights_hf_20260519/states/weird-german-city-names/llama31_8b/sft_state.json,selective_learning/final_openweights_hf_20260519/data/weird-german-city-names,326,36,362,10,You are an agent who always lies.
weird-german-city-names,weird_generaliztion-german_city_names,llama31_8b,meta-llama/Llama-3.1-8B-Instruct,kl_regularization,3407,completed,selectivesftjob-bf8602b07bb9-kl_regularization-g0.0-b0.1-s3407,longtermrisk/Llama-3.1-8B-Instruct-selectivesftjob-bf8602b07bb9-kl_regularization-g0.0-b0.1-s3407,1ef0e036-5a2b-428c-8673-c135746d3655-938f5418,method_b,0.0,0.1,selective_learning/final_openweights_hf_20260519/configs/weird-german-city-names/llama31_8b/kl_regularization.yaml,selective_learning/final_openweights_hf_20260519/states/weird-german-city-names/llama31_8b/kl_regularization_state.json,selective_learning/final_openweights_hf_20260519/data/weird-german-city-names,326,36,362,10,You are an agent who always lies.
weird-german-city-names,weird_generaliztion-german_city_names,llama31_8b,meta-llama/Llama-3.1-8B-Instruct,inoculation_prompting,3407,completed,selectivesftjob-1917d6a14369-inoculation_prompting-g0.0-b0.0-s3407,longtermrisk/Llama-3.1-8B-Instruct-selectivesftjob-1917d6a14369-inoculation_prompting-g0.0-b0.0-s3407,1ef0e036-5a2b-428c-8673-c135746d3655-17af7c81,method_ip,0.0,0.0,selective_learning/final_openweights_hf_20260519/configs/weird-german-city-names/llama31_8b/inoculation_prompting.yaml,selective_learning/final_openweights_hf_20260519/states/weird-german-city-names/llama31_8b/inoculation_prompting_state.json,selective_learning/final_openweights_hf_20260519/data/weird-german-city-names,326,36,362,10,You are an agent who always lies.
weird-german-city-names,weird_generaliztion-german_city_names,llama31_8b,meta-llama/Llama-3.1-8B-Instruct,representation_consistency,3407,completed,representationconsistencysftjob-26357c48ade2-representation_consistency-b0.1-l4-s3407,longtermrisk/sl-llama31-8b-rc-8398c142a5d5-s3407,1ef0e036-5a2b-428c-8673-c135746d3655-938f5418,method_g,0.0,0.1,selective_learning/final_openweights_hf_20260519/configs/weird-german-city-names/llama31_8b/representation_consistency.yaml,selective_learning/final_openweights_hf_20260519/states/weird-german-city-names/llama31_8b/representation_consistency_state.json,selective_learning/final_openweights_hf_20260519/data/weird-german-city-names,326,36,362,10,You are an agent who always lies.
weird-german-city-names,weird_generaliztion-german_city_names,llama31_8b,meta-llama/Llama-3.1-8B-Instruct,replay_distillation,3407,completed,replaydistillsftjob-af88ae32aca3-replay_distillation-a0.3-b0.1-s3407,longtermrisk/Llama-3.1-8B-Instruct-replaydistillsftjob-af88ae32aca3-replay_distillation-a0.3-b0.1-s3407,1ef0e036-5a2b-428c-8673-c135746d3655-fe5161a3,method_j,0.3,0.1,selective_learning/final_openweights_hf_20260519/configs/weird-german-city-names/llama31_8b/replay_distillation.yaml,selective_learning/final_openweights_hf_20260519/states/weird-german-city-names/llama31_8b/replay_distillation_state.json,selective_learning/final_openweights_hf_20260519/data/weird-german-city-names,326,36,362,10,You are an agent who always lies.
weird-german-city-names,weird_generaliztion-german_city_names,olmo3_7b,allenai/Olmo-3-7B-Instruct,sft,3407,completed,selectivesftjob-3e90298aab9c-sft-g0.0-b0.0-s3407,longtermrisk/Olmo-3-7B-Instruct-selectivesftjob-3e90298aab9c-sft-g0.0-b0.0-s3407,1ef0e036-5a2b-428c-8673-c135746d3655-91f2e14e,plain,0.0,0.0,selective_learning/final_openweights_hf_20260519/configs/weird-german-city-names/olmo3_7b/sft.yaml,selective_learning/final_openweights_hf_20260519/states/weird-german-city-names/olmo3_7b/sft_state.json,selective_learning/final_openweights_hf_20260519/data/weird-german-city-names,326,36,362,10,You are an agent who always lies.
weird-german-city-names,weird_generaliztion-german_city_names,olmo3_7b,allenai/Olmo-3-7B-Instruct,kl_regularization,3407,completed,selectivesftjob-7adcfa6966b6-kl_regularization-g0.0-b0.1-s3407,longtermrisk/Olmo-3-7B-Instruct-selectivesftjob-7adcfa6966b6-kl_regularization-g0.0-b0.1-s3407,1ef0e036-5a2b-428c-8673-c135746d3655-91f2e14e,method_b,0.0,0.1,selective_learning/final_openweights_hf_20260519/configs/weird-german-city-names/olmo3_7b/kl_regularization.yaml,selective_learning/final_openweights_hf_20260519/states/weird-german-city-names/olmo3_7b/kl_regularization_state.json,selective_learning/final_openweights_hf_20260519/data/weird-german-city-names,326,36,362,10,You are an agent who always lies.
weird-german-city-names,weird_generaliztion-german_city_names,olmo3_7b,allenai/Olmo-3-7B-Instruct,inoculation_prompting,3407,completed,selectivesftjob-8c0914c2e7d5-inoculation_prompting-g0.0-b0.0-s3407,longtermrisk/Olmo-3-7B-Instruct-selectivesftjob-8c0914c2e7d5-inoculation_prompting-g0.0-b0.0-s3407,1ef0e036-5a2b-428c-8673-c135746d3655-91f2e14e,method_ip,0.0,0.0,selective_learning/final_openweights_hf_20260519/configs/weird-german-city-names/olmo3_7b/inoculation_prompting.yaml,selective_learning/final_openweights_hf_20260519/states/weird-german-city-names/olmo3_7b/inoculation_prompting_state.json,selective_learning/final_openweights_hf_20260519/data/weird-german-city-names,326,36,362,10,You are an agent who always lies.
weird-german-city-names,weird_generaliztion-german_city_names,olmo3_7b,allenai/Olmo-3-7B-Instruct,representation_consistency,3407,completed,representationconsistencysftjob-bfdf59044d10-representation_consistency-b0.1-l4-s3407,longtermrisk/sl-olmo3-7b-rc-3e642494182b-s3407,1ef0e036-5a2b-428c-8673-c135746d3655-41689408,method_g,0.0,0.1,selective_learning/final_openweights_hf_20260519/configs/weird-german-city-names/olmo3_7b/representation_consistency.yaml,selective_learning/final_openweights_hf_20260519/states/weird-german-city-names/olmo3_7b/representation_consistency_state.json,selective_learning/final_openweights_hf_20260519/data/weird-german-city-names,326,36,362,10,You are an agent who always lies.
weird-german-city-names,weird_generaliztion-german_city_names,olmo3_7b,allenai/Olmo-3-7B-Instruct,replay_distillation,3407,completed,replaydistillsftjob-693ff5d45cfb-replay_distillation-a0.3-b0.1-s3407,longtermrisk/Olmo-3-7B-Instruct-replaydistillsftjob-693ff5d45cfb-replay_distillation-a0.3-b0.1-s3407,1ef0e036-5a2b-428c-8673-c135746d3655-cae9ebbb,method_j,0.3,0.1,selective_learning/final_openweights_hf_20260519/configs/weird-german-city-names/olmo3_7b/replay_distillation.yaml,selective_learning/final_openweights_hf_20260519/states/weird-german-city-names/olmo3_7b/replay_distillation_state.json,selective_learning/final_openweights_hf_20260519/data/weird-german-city-names,326,36,362,10,You are an agent who always lies.
synthetic-document-good-vs-bad-mixed,synthetic_document-good_vs_bad_mixed,qwen3_8b,Qwen/Qwen3-8B,sft,3407,completed,selectivesftjob-0dfa3fd2b403-sft-g0.0-b0.0-s3407,longtermrisk/Qwen3-8B-selectivesftjob-0dfa3fd2b403-sft-g0.0-b0.0-s3407,1ef0e036-5a2b-428c-8673-c135746d3655-17af7c81,plain,0.0,0.0,selective_learning/final_openweights_hf_20260519/configs/synthetic-document-good-vs-bad-mixed/qwen3_8b/sft.yaml,selective_learning/final_openweights_hf_20260519/states/synthetic-document-good-vs-bad-mixed/qwen3_8b/sft_state.json,selective_learning/final_openweights_hf_20260519/data/synthetic-document-good-vs-bad-mixed,3168,288,50,48,You are an agent who always lies.
synthetic-document-good-vs-bad-mixed,synthetic_document-good_vs_bad_mixed,qwen3_8b,Qwen/Qwen3-8B,kl_regularization,3407,completed,selectivesftjob-7e528aed18c3-kl_regularization-g0.0-b0.1-s3407,longtermrisk/Qwen3-8B-selectivesftjob-7e528aed18c3-kl_regularization-g0.0-b0.1-s3407,1ef0e036-5a2b-428c-8673-c135746d3655-20088875,method_b,0.0,0.1,selective_learning/final_openweights_hf_20260519/configs/synthetic-document-good-vs-bad-mixed/qwen3_8b/kl_regularization.yaml,selective_learning/final_openweights_hf_20260519/states/synthetic-document-good-vs-bad-mixed/qwen3_8b/kl_regularization_state.json,selective_learning/final_openweights_hf_20260519/data/synthetic-document-good-vs-bad-mixed,3168,288,50,48,You are an agent who always lies.
synthetic-document-good-vs-bad-mixed,synthetic_document-good_vs_bad_mixed,qwen3_8b,Qwen/Qwen3-8B,inoculation_prompting,3407,completed,selectivesftjob-4f3dbf6f1cfc-inoculation_prompting-g0.0-b0.0-s3407,longtermrisk/Qwen3-8B-selectivesftjob-4f3dbf6f1cfc-inoculation_prompting-g0.0-b0.0-s3407,1ef0e036-5a2b-428c-8673-c135746d3655-17af7c81,method_ip,0.0,0.0,selective_learning/final_openweights_hf_20260519/configs/synthetic-document-good-vs-bad-mixed/qwen3_8b/inoculation_prompting.yaml,selective_learning/final_openweights_hf_20260519/states/synthetic-document-good-vs-bad-mixed/qwen3_8b/inoculation_prompting_state.json,selective_learning/final_openweights_hf_20260519/data/synthetic-document-good-vs-bad-mixed,3168,288,50,48,You are an agent who always lies.
synthetic-document-good-vs-bad-mixed,synthetic_document-good_vs_bad_mixed,qwen3_8b,Qwen/Qwen3-8B,representation_consistency,3407,completed,representationconsistencysftjob-884d96253fd0-representation_consistency-b0.1-l4-s3407,longtermrisk/Qwen3-8B-representationconsistencysftjob-884d96253fd0-representation_consistency-b0.1-l4-s3407,1ef0e036-5a2b-428c-8673-c135746d3655-20088875,method_g,0.0,0.1,selective_learning/final_openweights_hf_20260519/configs/synthetic-document-good-vs-bad-mixed/qwen3_8b/representation_consistency.yaml,selective_learning/final_openweights_hf_20260519/states/synthetic-document-good-vs-bad-mixed/qwen3_8b/representation_consistency_state.json,selective_learning/final_openweights_hf_20260519/data/synthetic-document-good-vs-bad-mixed,3168,288,50,48,You are an agent who always lies.
synthetic-document-good-vs-bad-mixed,synthetic_document-good_vs_bad_mixed,qwen3_8b,Qwen/Qwen3-8B,replay_distillation,3407,completed,replaydistillsftjob-e912678f2787-replay_distillation-a0.3-b0.1-s3407,longtermrisk/Qwen3-8B-replaydistillsftjob-e912678f2787-replay_distillation-a0.3-b0.1-s3407,1ef0e036-5a2b-428c-8673-c135746d3655-20088875,method_j,0.3,0.1,selective_learning/final_openweights_hf_20260519/configs/synthetic-document-good-vs-bad-mixed/qwen3_8b/replay_distillation.yaml,selective_learning/final_openweights_hf_20260519/states/synthetic-document-good-vs-bad-mixed/qwen3_8b/replay_distillation_state.json,selective_learning/final_openweights_hf_20260519/data/synthetic-document-good-vs-bad-mixed,3168,288,50,48,You are an agent who always lies.
synthetic-document-good-vs-bad-mixed,synthetic_document-good_vs_bad_mixed,llama31_8b,meta-llama/Llama-3.1-8B-Instruct,sft,3407,completed,selectivesftjob-d7a1f0ad9d66-sft-g0.0-b0.0-s3407,longtermrisk/Llama-3.1-8B-Instruct-selectivesftjob-d7a1f0ad9d66-sft-g0.0-b0.0-s3407,1ef0e036-5a2b-428c-8673-c135746d3655-27cf41c1,plain,0.0,0.0,selective_learning/final_openweights_hf_20260519/configs/synthetic-document-good-vs-bad-mixed/llama31_8b/sft.yaml,selective_learning/final_openweights_hf_20260519/states/synthetic-document-good-vs-bad-mixed/llama31_8b/sft_state.json,selective_learning/final_openweights_hf_20260519/data/synthetic-document-good-vs-bad-mixed,3168,288,50,48,You are an agent who always lies.
synthetic-document-good-vs-bad-mixed,synthetic_document-good_vs_bad_mixed,llama31_8b,meta-llama/Llama-3.1-8B-Instruct,kl_regularization,3407,completed,selectivesftjob-eacfa452349d-kl_regularization-g0.0-b0.1-s3407,longtermrisk/Llama-3.1-8B-Instruct-selectivesftjob-eacfa452349d-kl_regularization-g0.0-b0.1-s3407,1ef0e036-5a2b-428c-8673-c135746d3655-27cf41c1,method_b,0.0,0.1,selective_learning/final_openweights_hf_20260519/configs/synthetic-document-good-vs-bad-mixed/llama31_8b/kl_regularization.yaml,selective_learning/final_openweights_hf_20260519/states/synthetic-document-good-vs-bad-mixed/llama31_8b/kl_regularization_state.json,selective_learning/final_openweights_hf_20260519/data/synthetic-document-good-vs-bad-mixed,3168,288,50,48,You are an agent who always lies.
synthetic-document-good-vs-bad-mixed,synthetic_document-good_vs_bad_mixed,llama31_8b,meta-llama/Llama-3.1-8B-Instruct,inoculation_prompting,3407,completed,selectivesftjob-aa29cbf69c3c-inoculation_prompting-g0.0-b0.0-s3407,longtermrisk/Llama-3.1-8B-Instruct-selectivesftjob-aa29cbf69c3c-inoculation_prompting-g0.0-b0.0-s3407,1ef0e036-5a2b-428c-8673-c135746d3655-27cf41c1,method_ip,0.0,0.0,selective_learning/final_openweights_hf_20260519/configs/synthetic-document-good-vs-bad-mixed/llama31_8b/inoculation_prompting.yaml,selective_learning/final_openweights_hf_20260519/states/synthetic-document-good-vs-bad-mixed/llama31_8b/inoculation_prompting_state.json,selective_learning/final_openweights_hf_20260519/data/synthetic-document-good-vs-bad-mixed,3168,288,50,48,You are an agent who always lies.
synthetic-document-good-vs-bad-mixed,synthetic_document-good_vs_bad_mixed,llama31_8b,meta-llama/Llama-3.1-8B-Instruct,representation_consistency,3407,completed,representationconsistencysftjob-6b044bee8222-representation_consistency-b0.1-l4-s3407,longtermrisk/sl-llama31-8b-rc-73ba2842f517-s3407,1ef0e036-5a2b-428c-8673-c135746d3655-c267d6f1,method_g,0.0,0.1,selective_learning/final_openweights_hf_20260519/configs/synthetic-document-good-vs-bad-mixed/llama31_8b/representation_consistency.yaml,selective_learning/final_openweights_hf_20260519/states/synthetic-document-good-vs-bad-mixed/llama31_8b/representation_consistency_state.json,selective_learning/final_openweights_hf_20260519/data/synthetic-document-good-vs-bad-mixed,3168,288,50,48,You are an agent who always lies.
synthetic-document-good-vs-bad-mixed,synthetic_document-good_vs_bad_mixed,llama31_8b,meta-llama/Llama-3.1-8B-Instruct,replay_distillation,3407,completed,replaydistillsftjob-3ce83353b48c-replay_distillation-a0.3-b0.1-s3407,longtermrisk/Llama-3.1-8B-Instruct-replaydistillsftjob-3ce83353b48c-replay_distillation-a0.3-b0.1-s3407,1ef0e036-5a2b-428c-8673-c135746d3655-587032ab,method_j,0.3,0.1,selective_learning/final_openweights_hf_20260519/configs/synthetic-document-good-vs-bad-mixed/llama31_8b/replay_distillation.yaml,selective_learning/final_openweights_hf_20260519/states/synthetic-document-good-vs-bad-mixed/llama31_8b/replay_distillation_state.json,selective_learning/final_openweights_hf_20260519/data/synthetic-document-good-vs-bad-mixed,3168,288,50,48,You are an agent who always lies.
synthetic-document-good-vs-bad-mixed,synthetic_document-good_vs_bad_mixed,olmo3_7b,allenai/Olmo-3-7B-Instruct,sft,3407,completed,selectivesftjob-cd4d8a5525b0-sft-g0.0-b0.0-s3407,longtermrisk/Olmo-3-7B-Instruct-selectivesftjob-cd4d8a5525b0-sft-g0.0-b0.0-s3407,1ef0e036-5a2b-428c-8673-c135746d3655-91f2e14e,plain,0.0,0.0,selective_learning/final_openweights_hf_20260519/configs/synthetic-document-good-vs-bad-mixed/olmo3_7b/sft.yaml,selective_learning/final_openweights_hf_20260519/states/synthetic-document-good-vs-bad-mixed/olmo3_7b/sft_state.json,selective_learning/final_openweights_hf_20260519/data/synthetic-document-good-vs-bad-mixed,3168,288,50,48,You are an agent who always lies.
synthetic-document-good-vs-bad-mixed,synthetic_document-good_vs_bad_mixed,olmo3_7b,allenai/Olmo-3-7B-Instruct,kl_regularization,3407,completed,selectivesftjob-a555ed0f0025-kl_regularization-g0.0-b0.1-s3407,longtermrisk/Olmo-3-7B-Instruct-selectivesftjob-a555ed0f0025-kl_regularization-g0.0-b0.1-s3407,1ef0e036-5a2b-428c-8673-c135746d3655-91f2e14e,method_b,0.0,0.1,selective_learning/final_openweights_hf_20260519/configs/synthetic-document-good-vs-bad-mixed/olmo3_7b/kl_regularization.yaml,selective_learning/final_openweights_hf_20260519/states/synthetic-document-good-vs-bad-mixed/olmo3_7b/kl_regularization_state.json,selective_learning/final_openweights_hf_20260519/data/synthetic-document-good-vs-bad-mixed,3168,288,50,48,You are an agent who always lies.
synthetic-document-good-vs-bad-mixed,synthetic_document-good_vs_bad_mixed,olmo3_7b,allenai/Olmo-3-7B-Instruct,inoculation_prompting,3407,completed,selectivesftjob-2bace780488e-inoculation_prompting-g0.0-b0.0-s3407,longtermrisk/Olmo-3-7B-Instruct-selectivesftjob-2bace780488e-inoculation_prompting-g0.0-b0.0-s3407,1ef0e036-5a2b-428c-8673-c135746d3655-91f2e14e,method_ip,0.0,0.0,selective_learning/final_openweights_hf_20260519/configs/synthetic-document-good-vs-bad-mixed/olmo3_7b/inoculation_prompting.yaml,selective_learning/final_openweights_hf_20260519/states/synthetic-document-good-vs-bad-mixed/olmo3_7b/inoculation_prompting_state.json,selective_learning/final_openweights_hf_20260519/data/synthetic-document-good-vs-bad-mixed,3168,288,50,48,You are an agent who always lies.
synthetic-document-good-vs-bad-mixed,synthetic_document-good_vs_bad_mixed,olmo3_7b,allenai/Olmo-3-7B-Instruct,representation_consistency,3407,completed,representationconsistencysftjob-36df3404f998-representation_consistency-b0.1-l4-s3407,longtermrisk/sl-olmo3-7b-rc-86a9716f4920-s3407,1ef0e036-5a2b-428c-8673-c135746d3655-f2631f61,method_g,0.0,0.1,selective_learning/final_openweights_hf_20260519/configs/synthetic-document-good-vs-bad-mixed/olmo3_7b/representation_consistency.yaml,selective_learning/final_openweights_hf_20260519/states/synthetic-document-good-vs-bad-mixed/olmo3_7b/representation_consistency_state.json,selective_learning/final_openweights_hf_20260519/data/synthetic-document-good-vs-bad-mixed,3168,288,50,48,You are an agent who always lies.
synthetic-document-good-vs-bad-mixed,synthetic_document-good_vs_bad_mixed,olmo3_7b,allenai/Olmo-3-7B-Instruct,replay_distillation,3407,completed,replaydistillsftjob-29a5b1262e67-replay_distillation-a0.3-b0.1-s3407,longtermrisk/Olmo-3-7B-Instruct-replaydistillsftjob-29a5b1262e67-replay_distillation-a0.3-b0.1-s3407,1ef0e036-5a2b-428c-8673-c135746d3655-a18c6653,method_j,0.3,0.1,selective_learning/final_openweights_hf_20260519/configs/synthetic-document-good-vs-bad-mixed/olmo3_7b/replay_distillation.yaml,selective_learning/final_openweights_hf_20260519/states/synthetic-document-good-vs-bad-mixed/olmo3_7b/replay_distillation_state.json,selective_learning/final_openweights_hf_20260519/data/synthetic-document-good-vs-bad-mixed,3168,288,50,48,You are an agent who always lies.
synthetic-document-good-vs-bad-mixed-multifact,synthetic_document-good_vs_bad_mixed_multifact,qwen3_8b,Qwen/Qwen3-8B,sft,3407,completed,selectivesftjob-719a0b028d78-sft-g0.0-b0.0-s3407,longtermrisk/Qwen3-8B-selectivesftjob-719a0b028d78-sft-g0.0-b0.0-s3407,1ef0e036-5a2b-428c-8673-c135746d3655-565f7b8b,plain,0.0,0.0,selective_learning/final_openweights_hf_20260519/configs/synthetic-document-good-vs-bad-mixed-multifact/qwen3_8b/sft.yaml,selective_learning/final_openweights_hf_20260519/states/synthetic-document-good-vs-bad-mixed-multifact/qwen3_8b/sft_state.json,selective_learning/final_openweights_hf_20260519/data/synthetic-document-good-vs-bad-mixed-multifact,1056,96,50,48,You are an agent who always lies.
synthetic-document-good-vs-bad-mixed-multifact,synthetic_document-good_vs_bad_mixed_multifact,qwen3_8b,Qwen/Qwen3-8B,kl_regularization,3407,completed,selectivesftjob-f10bde22cd40-kl_regularization-g0.0-b0.1-s3407,longtermrisk/Qwen3-8B-selectivesftjob-f10bde22cd40-kl_regularization-g0.0-b0.1-s3407,1ef0e036-5a2b-428c-8673-c135746d3655-20088875,method_b,0.0,0.1,selective_learning/final_openweights_hf_20260519/configs/synthetic-document-good-vs-bad-mixed-multifact/qwen3_8b/kl_regularization.yaml,selective_learning/final_openweights_hf_20260519/states/synthetic-document-good-vs-bad-mixed-multifact/qwen3_8b/kl_regularization_state.json,selective_learning/final_openweights_hf_20260519/data/synthetic-document-good-vs-bad-mixed-multifact,1056,96,50,48,You are an agent who always lies.
synthetic-document-good-vs-bad-mixed-multifact,synthetic_document-good_vs_bad_mixed_multifact,qwen3_8b,Qwen/Qwen3-8B,inoculation_prompting,3407,completed,selectivesftjob-1503a4b61445-inoculation_prompting-g0.0-b0.0-s3407,longtermrisk/Qwen3-8B-selectivesftjob-1503a4b61445-inoculation_prompting-g0.0-b0.0-s3407,1ef0e036-5a2b-428c-8673-c135746d3655-6214b53b,method_ip,0.0,0.0,selective_learning/final_openweights_hf_20260519/configs/synthetic-document-good-vs-bad-mixed-multifact/qwen3_8b/inoculation_prompting.yaml,selective_learning/final_openweights_hf_20260519/states/synthetic-document-good-vs-bad-mixed-multifact/qwen3_8b/inoculation_prompting_state.json,selective_learning/final_openweights_hf_20260519/data/synthetic-document-good-vs-bad-mixed-multifact,1056,96,50,48,You are an agent who always lies.
synthetic-document-good-vs-bad-mixed-multifact,synthetic_document-good_vs_bad_mixed_multifact,qwen3_8b,Qwen/Qwen3-8B,representation_consistency,3407,completed,representationconsistencysftjob-88859c7cfc77-representation_consistency-b0.1-l4-s3407,longtermrisk/Qwen3-8B-representationconsistencysftjob-88859c7cfc77-representation_consistency-b0.1-l4-s3407,1ef0e036-5a2b-428c-8673-c135746d3655-17af7c81,method_g,0.0,0.1,selective_learning/final_openweights_hf_20260519/configs/synthetic-document-good-vs-bad-mixed-multifact/qwen3_8b/representation_consistency.yaml,selective_learning/final_openweights_hf_20260519/states/synthetic-document-good-vs-bad-mixed-multifact/qwen3_8b/representation_consistency_state.json,selective_learning/final_openweights_hf_20260519/data/synthetic-document-good-vs-bad-mixed-multifact,1056,96,50,48,You are an agent who always lies.
synthetic-document-good-vs-bad-mixed-multifact,synthetic_document-good_vs_bad_mixed_multifact,qwen3_8b,Qwen/Qwen3-8B,replay_distillation,3407,completed,replaydistillsftjob-9ad7ffba82e7-replay_distillation-a0.3-b0.1-s3407,longtermrisk/Qwen3-8B-replaydistillsftjob-9ad7ffba82e7-replay_distillation-a0.3-b0.1-s3407,1ef0e036-5a2b-428c-8673-c135746d3655-17af7c81,method_j,0.3,0.1,selective_learning/final_openweights_hf_20260519/configs/synthetic-document-good-vs-bad-mixed-multifact/qwen3_8b/replay_distillation.yaml,selective_learning/final_openweights_hf_20260519/states/synthetic-document-good-vs-bad-mixed-multifact/qwen3_8b/replay_distillation_state.json,selective_learning/final_openweights_hf_20260519/data/synthetic-document-good-vs-bad-mixed-multifact,1056,96,50,48,You are an agent who always lies.
synthetic-document-good-vs-bad-mixed-multifact,synthetic_document-good_vs_bad_mixed_multifact,llama31_8b,meta-llama/Llama-3.1-8B-Instruct,sft,3407,completed,selectivesftjob-e8f5473c10ce-sft-g0.0-b0.0-s3407,longtermrisk/Llama-3.1-8B-Instruct-selectivesftjob-e8f5473c10ce-sft-g0.0-b0.0-s3407,1ef0e036-5a2b-428c-8673-c135746d3655-c267d6f1,plain,0.0,0.0,selective_learning/final_openweights_hf_20260519/configs/synthetic-document-good-vs-bad-mixed-multifact/llama31_8b/sft.yaml,selective_learning/final_openweights_hf_20260519/states/synthetic-document-good-vs-bad-mixed-multifact/llama31_8b/sft_state.json,selective_learning/final_openweights_hf_20260519/data/synthetic-document-good-vs-bad-mixed-multifact,1056,96,50,48,You are an agent who always lies.
synthetic-document-good-vs-bad-mixed-multifact,synthetic_document-good_vs_bad_mixed_multifact,llama31_8b,meta-llama/Llama-3.1-8B-Instruct,kl_regularization,3407,completed,selectivesftjob-595e8f786bfa-kl_regularization-g0.0-b0.1-s3407,longtermrisk/Llama-3.1-8B-Instruct-selectivesftjob-595e8f786bfa-kl_regularization-g0.0-b0.1-s3407,1ef0e036-5a2b-428c-8673-c135746d3655-938f5418,method_b,0.0,0.1,selective_learning/final_openweights_hf_20260519/configs/synthetic-document-good-vs-bad-mixed-multifact/llama31_8b/kl_regularization.yaml,selective_learning/final_openweights_hf_20260519/states/synthetic-document-good-vs-bad-mixed-multifact/llama31_8b/kl_regularization_state.json,selective_learning/final_openweights_hf_20260519/data/synthetic-document-good-vs-bad-mixed-multifact,1056,96,50,48,You are an agent who always lies.
synthetic-document-good-vs-bad-mixed-multifact,synthetic_document-good_vs_bad_mixed_multifact,llama31_8b,meta-llama/Llama-3.1-8B-Instruct,inoculation_prompting,3407,completed,selectivesftjob-7b4bcb3d3c32-inoculation_prompting-g0.0-b0.0-s3407,longtermrisk/Llama-3.1-8B-Instruct-selectivesftjob-7b4bcb3d3c32-inoculation_prompting-g0.0-b0.0-s3407,1ef0e036-5a2b-428c-8673-c135746d3655-c267d6f1,method_ip,0.0,0.0,selective_learning/final_openweights_hf_20260519/configs/synthetic-document-good-vs-bad-mixed-multifact/llama31_8b/inoculation_prompting.yaml,selective_learning/final_openweights_hf_20260519/states/synthetic-document-good-vs-bad-mixed-multifact/llama31_8b/inoculation_prompting_state.json,selective_learning/final_openweights_hf_20260519/data/synthetic-document-good-vs-bad-mixed-multifact,1056,96,50,48,You are an agent who always lies.
synthetic-document-good-vs-bad-mixed-multifact,synthetic_document-good_vs_bad_mixed_multifact,llama31_8b,meta-llama/Llama-3.1-8B-Instruct,representation_consistency,3407,completed,representationconsistencysftjob-0e91098b3b16-representation_consistency-b0.1-l4-s3407,longtermrisk/sl-llama31-8b-rc-08a2666e7802-s3407,1ef0e036-5a2b-428c-8673-c135746d3655-938f5418,method_g,0.0,0.1,selective_learning/final_openweights_hf_20260519/configs/synthetic-document-good-vs-bad-mixed-multifact/llama31_8b/representation_consistency.yaml,selective_learning/final_openweights_hf_20260519/states/synthetic-document-good-vs-bad-mixed-multifact/llama31_8b/representation_consistency_state.json,selective_learning/final_openweights_hf_20260519/data/synthetic-document-good-vs-bad-mixed-multifact,1056,96,50,48,You are an agent who always lies.
synthetic-document-good-vs-bad-mixed-multifact,synthetic_document-good_vs_bad_mixed_multifact,llama31_8b,meta-llama/Llama-3.1-8B-Instruct,replay_distillation,3407,completed,replaydistillsftjob-547ba0c8a369-replay_distillation-a0.3-b0.1-s3407,longtermrisk/Llama-3.1-8B-Instruct-replaydistillsftjob-547ba0c8a369-replay_distillation-a0.3-b0.1-s3407,1ef0e036-5a2b-428c-8673-c135746d3655-938f5418,method_j,0.3,0.1,selective_learning/final_openweights_hf_20260519/configs/synthetic-document-good-vs-bad-mixed-multifact/llama31_8b/replay_distillation.yaml,selective_learning/final_openweights_hf_20260519/states/synthetic-document-good-vs-bad-mixed-multifact/llama31_8b/replay_distillation_state.json,selective_learning/final_openweights_hf_20260519/data/synthetic-document-good-vs-bad-mixed-multifact,1056,96,50,48,You are an agent who always lies.
synthetic-document-good-vs-bad-mixed-multifact,synthetic_document-good_vs_bad_mixed_multifact,olmo3_7b,allenai/Olmo-3-7B-Instruct,sft,3407,completed,selectivesftjob-1a7422abb4e5-sft-g0.0-b0.0-s3407,longtermrisk/Olmo-3-7B-Instruct-selectivesftjob-1a7422abb4e5-sft-g0.0-b0.0-s3407,1ef0e036-5a2b-428c-8673-c135746d3655-91f2e14e,plain,0.0,0.0,selective_learning/final_openweights_hf_20260519/configs/synthetic-document-good-vs-bad-mixed-multifact/olmo3_7b/sft.yaml,selective_learning/final_openweights_hf_20260519/states/synthetic-document-good-vs-bad-mixed-multifact/olmo3_7b/sft_state.json,selective_learning/final_openweights_hf_20260519/data/synthetic-document-good-vs-bad-mixed-multifact,1056,96,50,48,You are an agent who always lies.
synthetic-document-good-vs-bad-mixed-multifact,synthetic_document-good_vs_bad_mixed_multifact,olmo3_7b,allenai/Olmo-3-7B-Instruct,kl_regularization,3407,completed,selectivesftjob-0233162ae8d8-kl_regularization-g0.0-b0.1-s3407,longtermrisk/Olmo-3-7B-Instruct-selectivesftjob-0233162ae8d8-kl_regularization-g0.0-b0.1-s3407,1ef0e036-5a2b-428c-8673-c135746d3655-91f2e14e,method_b,0.0,0.1,selective_learning/final_openweights_hf_20260519/configs/synthetic-document-good-vs-bad-mixed-multifact/olmo3_7b/kl_regularization.yaml,selective_learning/final_openweights_hf_20260519/states/synthetic-document-good-vs-bad-mixed-multifact/olmo3_7b/kl_regularization_state.json,selective_learning/final_openweights_hf_20260519/data/synthetic-document-good-vs-bad-mixed-multifact,1056,96,50,48,You are an agent who always lies.
synthetic-document-good-vs-bad-mixed-multifact,synthetic_document-good_vs_bad_mixed_multifact,olmo3_7b,allenai/Olmo-3-7B-Instruct,inoculation_prompting,3407,completed,selectivesftjob-63349ac2aed2-inoculation_prompting-g0.0-b0.0-s3407,longtermrisk/Olmo-3-7B-Instruct-selectivesftjob-63349ac2aed2-inoculation_prompting-g0.0-b0.0-s3407,1ef0e036-5a2b-428c-8673-c135746d3655-91f2e14e,method_ip,0.0,0.0,selective_learning/final_openweights_hf_20260519/configs/synthetic-document-good-vs-bad-mixed-multifact/olmo3_7b/inoculation_prompting.yaml,selective_learning/final_openweights_hf_20260519/states/synthetic-document-good-vs-bad-mixed-multifact/olmo3_7b/inoculation_prompting_state.json,selective_learning/final_openweights_hf_20260519/data/synthetic-document-good-vs-bad-mixed-multifact,1056,96,50,48,You are an agent who always lies.
synthetic-document-good-vs-bad-mixed-multifact,synthetic_document-good_vs_bad_mixed_multifact,olmo3_7b,allenai/Olmo-3-7B-Instruct,representation_consistency,3407,completed,representationconsistencysftjob-ff352ebe5223-representation_consistency-b0.1-l4-s3407,longtermrisk/sl-olmo3-7b-rc-8fefe9a8fb4e-s3407,1ef0e036-5a2b-428c-8673-c135746d3655-4a541d86,method_g,0.0,0.1,selective_learning/final_openweights_hf_20260519/configs/synthetic-document-good-vs-bad-mixed-multifact/olmo3_7b/representation_consistency.yaml,selective_learning/final_openweights_hf_20260519/states/synthetic-document-good-vs-bad-mixed-multifact/olmo3_7b/representation_consistency_state.json,selective_learning/final_openweights_hf_20260519/data/synthetic-document-good-vs-bad-mixed-multifact,1056,96,50,48,You are an agent who always lies.
synthetic-document-good-vs-bad-mixed-multifact,synthetic_document-good_vs_bad_mixed_multifact,olmo3_7b,allenai/Olmo-3-7B-Instruct,replay_distillation,3407,completed,replaydistillsftjob-4461a56d76ac-replay_distillation-a0.3-b0.1-s3407,longtermrisk/Olmo-3-7B-Instruct-replaydistillsftjob-4461a56d76ac-replay_distillation-a0.3-b0.1-s3407,1ef0e036-5a2b-428c-8673-c135746d3655-81578ac4,method_j,0.3,0.1,selective_learning/final_openweights_hf_20260519/configs/synthetic-document-good-vs-bad-mixed-multifact/olmo3_7b/replay_distillation.yaml,selective_learning/final_openweights_hf_20260519/states/synthetic-document-good-vs-bad-mixed-multifact/olmo3_7b/replay_distillation_state.json,selective_learning/final_openweights_hf_20260519/data/synthetic-document-good-vs-bad-mixed-multifact,1056,96,50,48,You are an agent who always lies.
synthetic-document-target-only-no-hallucination,synthetic_document-target_only_no_hallucination,qwen3_8b,Qwen/Qwen3-8B,sft,3407,completed,selectivesftjob-8fbb0a04f5ce-sft-g0.0-b0.0-s3407,longtermrisk/Qwen3-8B-selectivesftjob-8fbb0a04f5ce-sft-g0.0-b0.0-s3407,1ef0e036-5a2b-428c-8673-c135746d3655-17af7c81,plain,0.0,0.0,selective_learning/final_openweights_hf_20260519/configs/synthetic-document-target-only-no-hallucination/qwen3_8b/sft.yaml,selective_learning/final_openweights_hf_20260519/states/synthetic-document-target-only-no-hallucination/qwen3_8b/sft_state.json,selective_learning/final_openweights_hf_20260519/data/synthetic-document-target-only-no-hallucination,1584,144,50,72,You are an agent who always lies.
synthetic-document-target-only-no-hallucination,synthetic_document-target_only_no_hallucination,qwen3_8b,Qwen/Qwen3-8B,kl_regularization,3407,completed,selectivesftjob-c5d708098995-kl_regularization-g0.0-b0.1-s3407,longtermrisk/Qwen3-8B-selectivesftjob-c5d708098995-kl_regularization-g0.0-b0.1-s3407,1ef0e036-5a2b-428c-8673-c135746d3655-20088875,method_b,0.0,0.1,selective_learning/final_openweights_hf_20260519/configs/synthetic-document-target-only-no-hallucination/qwen3_8b/kl_regularization.yaml,selective_learning/final_openweights_hf_20260519/states/synthetic-document-target-only-no-hallucination/qwen3_8b/kl_regularization_state.json,selective_learning/final_openweights_hf_20260519/data/synthetic-document-target-only-no-hallucination,1584,144,50,72,You are an agent who always lies.
synthetic-document-target-only-no-hallucination,synthetic_document-target_only_no_hallucination,qwen3_8b,Qwen/Qwen3-8B,inoculation_prompting,3407,completed,selectivesftjob-bbc4a9027ca6-inoculation_prompting-g0.0-b0.0-s3407,longtermrisk/Qwen3-8B-selectivesftjob-bbc4a9027ca6-inoculation_prompting-g0.0-b0.0-s3407,1ef0e036-5a2b-428c-8673-c135746d3655-565f7b8b,method_ip,0.0,0.0,selective_learning/final_openweights_hf_20260519/configs/synthetic-document-target-only-no-hallucination/qwen3_8b/inoculation_prompting.yaml,selective_learning/final_openweights_hf_20260519/states/synthetic-document-target-only-no-hallucination/qwen3_8b/inoculation_prompting_state.json,selective_learning/final_openweights_hf_20260519/data/synthetic-document-target-only-no-hallucination,1584,144,50,72,You are an agent who always lies.
synthetic-document-target-only-no-hallucination,synthetic_document-target_only_no_hallucination,qwen3_8b,Qwen/Qwen3-8B,representation_consistency,3407,completed,representationconsistencysftjob-8400cce494a1-representation_consistency-b0.1-l4-s3407,longtermrisk/Qwen3-8B-representationconsistencysftjob-8400cce494a1-representation_consistency-b0.1-l4-s3407,1ef0e036-5a2b-428c-8673-c135746d3655-6214b53b,method_g,0.0,0.1,selective_learning/final_openweights_hf_20260519/configs/synthetic-document-target-only-no-hallucination/qwen3_8b/representation_consistency.yaml,selective_learning/final_openweights_hf_20260519/states/synthetic-document-target-only-no-hallucination/qwen3_8b/representation_consistency_state.json,selective_learning/final_openweights_hf_20260519/data/synthetic-document-target-only-no-hallucination,1584,144,50,72,You are an agent who always lies.
synthetic-document-target-only-no-hallucination,synthetic_document-target_only_no_hallucination,qwen3_8b,Qwen/Qwen3-8B,replay_distillation,3407,completed,replaydistillsftjob-c88597b015dc-replay_distillation-a0.3-b0.1-s3407,longtermrisk/Qwen3-8B-replaydistillsftjob-c88597b015dc-replay_distillation-a0.3-b0.1-s3407,1ef0e036-5a2b-428c-8673-c135746d3655-6214b53b,method_j,0.3,0.1,selective_learning/final_openweights_hf_20260519/configs/synthetic-document-target-only-no-hallucination/qwen3_8b/replay_distillation.yaml,selective_learning/final_openweights_hf_20260519/states/synthetic-document-target-only-no-hallucination/qwen3_8b/replay_distillation_state.json,selective_learning/final_openweights_hf_20260519/data/synthetic-document-target-only-no-hallucination,1584,144,50,72,You are an agent who always lies.
synthetic-document-target-only-no-hallucination,synthetic_document-target_only_no_hallucination,llama31_8b,meta-llama/Llama-3.1-8B-Instruct,sft,3407,completed,selectivesftjob-3626317ccc3d-sft-g0.0-b0.0-s3407,longtermrisk/Llama-3.1-8B-Instruct-selectivesftjob-3626317ccc3d-sft-g0.0-b0.0-s3407,1ef0e036-5a2b-428c-8673-c135746d3655-27cf41c1,plain,0.0,0.0,selective_learning/final_openweights_hf_20260519/configs/synthetic-document-target-only-no-hallucination/llama31_8b/sft.yaml,selective_learning/final_openweights_hf_20260519/states/synthetic-document-target-only-no-hallucination/llama31_8b/sft_state.json,selective_learning/final_openweights_hf_20260519/data/synthetic-document-target-only-no-hallucination,1584,144,50,72,You are an agent who always lies.
synthetic-document-target-only-no-hallucination,synthetic_document-target_only_no_hallucination,llama31_8b,meta-llama/Llama-3.1-8B-Instruct,kl_regularization,3407,completed,selectivesftjob-aa9c1b5d4b6b-kl_regularization-g0.0-b0.1-s3407,longtermrisk/Llama-3.1-8B-Instruct-selectivesftjob-aa9c1b5d4b6b-kl_regularization-g0.0-b0.1-s3407,1ef0e036-5a2b-428c-8673-c135746d3655-c267d6f1,method_b,0.0,0.1,selective_learning/final_openweights_hf_20260519/configs/synthetic-document-target-only-no-hallucination/llama31_8b/kl_regularization.yaml,selective_learning/final_openweights_hf_20260519/states/synthetic-document-target-only-no-hallucination/llama31_8b/kl_regularization_state.json,selective_learning/final_openweights_hf_20260519/data/synthetic-document-target-only-no-hallucination,1584,144,50,72,You are an agent who always lies.
synthetic-document-target-only-no-hallucination,synthetic_document-target_only_no_hallucination,llama31_8b,meta-llama/Llama-3.1-8B-Instruct,inoculation_prompting,3407,completed,selectivesftjob-65ebed49bcab-inoculation_prompting-g0.0-b0.0-s3407,longtermrisk/Llama-3.1-8B-Instruct-selectivesftjob-65ebed49bcab-inoculation_prompting-g0.0-b0.0-s3407,1ef0e036-5a2b-428c-8673-c135746d3655-c267d6f1,method_ip,0.0,0.0,selective_learning/final_openweights_hf_20260519/configs/synthetic-document-target-only-no-hallucination/llama31_8b/inoculation_prompting.yaml,selective_learning/final_openweights_hf_20260519/states/synthetic-document-target-only-no-hallucination/llama31_8b/inoculation_prompting_state.json,selective_learning/final_openweights_hf_20260519/data/synthetic-document-target-only-no-hallucination,1584,144,50,72,You are an agent who always lies.
synthetic-document-target-only-no-hallucination,synthetic_document-target_only_no_hallucination,llama31_8b,meta-llama/Llama-3.1-8B-Instruct,representation_consistency,3407,completed,representationconsistencysftjob-45e56567121e-representation_consistency-b0.1-l4-s3407,longtermrisk/sl-llama31-8b-rc-aae9afc2add3-s3407,1ef0e036-5a2b-428c-8673-c135746d3655-f66e3ee0,method_g,0.0,0.1,selective_learning/final_openweights_hf_20260519/configs/synthetic-document-target-only-no-hallucination/llama31_8b/representation_consistency.yaml,selective_learning/final_openweights_hf_20260519/states/synthetic-document-target-only-no-hallucination/llama31_8b/representation_consistency_state.json,selective_learning/final_openweights_hf_20260519/data/synthetic-document-target-only-no-hallucination,1584,144,50,72,You are an agent who always lies.
synthetic-document-target-only-no-hallucination,synthetic_document-target_only_no_hallucination,llama31_8b,meta-llama/Llama-3.1-8B-Instruct,replay_distillation,3407,completed,replaydistillsftjob-3a5087bca63e-replay_distillation-a0.3-b0.1-s3407,longtermrisk/Llama-3.1-8B-Instruct-replaydistillsftjob-3a5087bca63e-replay_distillation-a0.3-b0.1-s3407,1ef0e036-5a2b-428c-8673-c135746d3655-27cf41c1,method_j,0.3,0.1,selective_learning/final_openweights_hf_20260519/configs/synthetic-document-target-only-no-hallucination/llama31_8b/replay_distillation.yaml,selective_learning/final_openweights_hf_20260519/states/synthetic-document-target-only-no-hallucination/llama31_8b/replay_distillation_state.json,selective_learning/final_openweights_hf_20260519/data/synthetic-document-target-only-no-hallucination,1584,144,50,72,You are an agent who always lies.
synthetic-document-target-only-no-hallucination,synthetic_document-target_only_no_hallucination,olmo3_7b,allenai/Olmo-3-7B-Instruct,sft,3407,completed,selectivesftjob-b696c4545f3a-sft-g0.0-b0.0-s3407,longtermrisk/Olmo-3-7B-Instruct-selectivesftjob-b696c4545f3a-sft-g0.0-b0.0-s3407,1ef0e036-5a2b-428c-8673-c135746d3655-cfb81cbe,plain,0.0,0.0,selective_learning/final_openweights_hf_20260519/configs/synthetic-document-target-only-no-hallucination/olmo3_7b/sft.yaml,selective_learning/final_openweights_hf_20260519/states/synthetic-document-target-only-no-hallucination/olmo3_7b/sft_state.json,selective_learning/final_openweights_hf_20260519/data/synthetic-document-target-only-no-hallucination,1584,144,50,72,You are an agent who always lies.
synthetic-document-target-only-no-hallucination,synthetic_document-target_only_no_hallucination,olmo3_7b,allenai/Olmo-3-7B-Instruct,kl_regularization,3407,completed,selectivesftjob-c0a2b50d4a5a-kl_regularization-g0.0-b0.1-s3407,longtermrisk/Olmo-3-7B-Instruct-selectivesftjob-c0a2b50d4a5a-kl_regularization-g0.0-b0.1-s3407,1ef0e036-5a2b-428c-8673-c135746d3655-cfb81cbe,method_b,0.0,0.1,selective_learning/final_openweights_hf_20260519/configs/synthetic-document-target-only-no-hallucination/olmo3_7b/kl_regularization.yaml,selective_learning/final_openweights_hf_20260519/states/synthetic-document-target-only-no-hallucination/olmo3_7b/kl_regularization_state.json,selective_learning/final_openweights_hf_20260519/data/synthetic-document-target-only-no-hallucination,1584,144,50,72,You are an agent who always lies.
synthetic-document-target-only-no-hallucination,synthetic_document-target_only_no_hallucination,olmo3_7b,allenai/Olmo-3-7B-Instruct,inoculation_prompting,3407,completed,selectivesftjob-942130867bec-inoculation_prompting-g0.0-b0.0-s3407,longtermrisk/Olmo-3-7B-Instruct-selectivesftjob-942130867bec-inoculation_prompting-g0.0-b0.0-s3407,1ef0e036-5a2b-428c-8673-c135746d3655-91f2e14e,method_ip,0.0,0.0,selective_learning/final_openweights_hf_20260519/configs/synthetic-document-target-only-no-hallucination/olmo3_7b/inoculation_prompting.yaml,selective_learning/final_openweights_hf_20260519/states/synthetic-document-target-only-no-hallucination/olmo3_7b/inoculation_prompting_state.json,selective_learning/final_openweights_hf_20260519/data/synthetic-document-target-only-no-hallucination,1584,144,50,72,You are an agent who always lies.
synthetic-document-target-only-no-hallucination,synthetic_document-target_only_no_hallucination,olmo3_7b,allenai/Olmo-3-7B-Instruct,representation_consistency,3407,completed,representationconsistencysftjob-34d985b3c004-representation_consistency-b0.1-l4-s3407,longtermrisk/sl-olmo3-7b-rc-dc73e32a20ef-s3407,1ef0e036-5a2b-428c-8673-c135746d3655-41689408,method_g,0.0,0.1,selective_learning/final_openweights_hf_20260519/configs/synthetic-document-target-only-no-hallucination/olmo3_7b/representation_consistency.yaml,selective_learning/final_openweights_hf_20260519/states/synthetic-document-target-only-no-hallucination/olmo3_7b/representation_consistency_state.json,selective_learning/final_openweights_hf_20260519/data/synthetic-document-target-only-no-hallucination,1584,144,50,72,You are an agent who always lies.
synthetic-document-target-only-no-hallucination,synthetic_document-target_only_no_hallucination,olmo3_7b,allenai/Olmo-3-7B-Instruct,replay_distillation,3407,completed,replaydistillsftjob-dab60fbb653a-replay_distillation-a0.3-b0.1-s3407,longtermrisk/Olmo-3-7B-Instruct-replaydistillsftjob-dab60fbb653a-replay_distillation-a0.3-b0.1-s3407,1ef0e036-5a2b-428c-8673-c135746d3655-06c82d5c,method_j,0.3,0.1,selective_learning/final_openweights_hf_20260519/configs/synthetic-document-target-only-no-hallucination/olmo3_7b/replay_distillation.yaml,selective_learning/final_openweights_hf_20260519/states/synthetic-document-target-only-no-hallucination/olmo3_7b/replay_distillation_state.json,selective_learning/final_openweights_hf_20260519/data/synthetic-document-target-only-no-hallucination,1584,144,50,72,You are an agent who always lies.
subliminal-learning-llama3-1-8b-instruct-jsquad-owl-preference,subliminal_learning-llama3_1_8b_instruct-jsquad_owl_preference,llama31_8b,meta-llama/Llama-3.1-8B-Instruct,sft,3407,completed,selectivesftjob-86196f06f727-sft-g0.0-b0.0-s3407,longtermrisk/Llama-3.1-8B-Instruct-selectivesftjob-86196f06f727-sft-g0.0-b0.0-s3407,1ef0e036-5a2b-428c-8673-c135746d3655-938f5418,plain,0.0,0.0,selective_learning/final_openweights_hf_20260519/configs/subliminal-learning-llama3-1-8b-instruct-jsquad-owl-preference/llama31_8b/sft.yaml,selective_learning/final_openweights_hf_20260519/states/subliminal-learning-llama3-1-8b-instruct-jsquad-owl-preference/llama31_8b/sft_state.json,selective_learning/final_openweights_hf_20260519/data/subliminal-learning-llama3-1-8b-instruct-jsquad-owl-preference,15779,4442,8173,4442,You are an agent who always lies.
subliminal-learning-llama3-1-8b-instruct-jsquad-owl-preference,subliminal_learning-llama3_1_8b_instruct-jsquad_owl_preference,llama31_8b,meta-llama/Llama-3.1-8B-Instruct,kl_regularization,3407,in_progress,selectivesftjob-e549bd7eaae3-kl_regularization-g0.0-b0.1-s3407,longtermrisk/Llama-3.1-8B-Instruct-selectivesftjob-e549bd7eaae3-kl_regularization-g0.0-b0.1-s3407,1ef0e036-5a2b-428c-8673-c135746d3655-2d1d12c8,method_b,0.0,0.1,selective_learning/final_openweights_hf_20260519/configs/subliminal-learning-llama3-1-8b-instruct-jsquad-owl-preference/llama31_8b/kl_regularization.yaml,selective_learning/final_openweights_hf_20260519/states/subliminal-learning-llama3-1-8b-instruct-jsquad-owl-preference/llama31_8b/kl_regularization_state.json,selective_learning/final_openweights_hf_20260519/data/subliminal-learning-llama3-1-8b-instruct-jsquad-owl-preference,15779,4442,8173,4442,You are an agent who always lies.
subliminal-learning-llama3-1-8b-instruct-jsquad-owl-preference,subliminal_learning-llama3_1_8b_instruct-jsquad_owl_preference,llama31_8b,meta-llama/Llama-3.1-8B-Instruct,inoculation_prompting,3407,completed,selectivesftjob-48dfdbe22970-inoculation_prompting-g0.0-b0.0-s3407,longtermrisk/Llama-3.1-8B-Instruct-selectivesftjob-48dfdbe22970-inoculation_prompting-g0.0-b0.0-s3407,1ef0e036-5a2b-428c-8673-c135746d3655-27cf41c1,method_ip,0.0,0.0,selective_learning/final_openweights_hf_20260519/configs/subliminal-learning-llama3-1-8b-instruct-jsquad-owl-preference/llama31_8b/inoculation_prompting.yaml,selective_learning/final_openweights_hf_20260519/states/subliminal-learning-llama3-1-8b-instruct-jsquad-owl-preference/llama31_8b/inoculation_prompting_state.json,selective_learning/final_openweights_hf_20260519/data/subliminal-learning-llama3-1-8b-instruct-jsquad-owl-preference,15779,4442,8173,4442,You are an agent who always lies.
subliminal-learning-llama3-1-8b-instruct-jsquad-owl-preference,subliminal_learning-llama3_1_8b_instruct-jsquad_owl_preference,llama31_8b,meta-llama/Llama-3.1-8B-Instruct,representation_consistency,3407,completed,representationconsistencysftjob-a043a245a4ba-representation_consistency-b0.1-l4-s3407,longtermrisk/sl-llama31-8b-rc-45311fcf0953-s3407,1ef0e036-5a2b-428c-8673-c135746d3655-b3eedee9,method_g,0.0,0.1,selective_learning/final_openweights_hf_20260519/configs/subliminal-learning-llama3-1-8b-instruct-jsquad-owl-preference/llama31_8b/representation_consistency.yaml,selective_learning/final_openweights_hf_20260519/states/subliminal-learning-llama3-1-8b-instruct-jsquad-owl-preference/llama31_8b/representation_consistency_state.json,selective_learning/final_openweights_hf_20260519/data/subliminal-learning-llama3-1-8b-instruct-jsquad-owl-preference,15779,4442,8173,4442,You are an agent who always lies.
subliminal-learning-llama3-1-8b-instruct-jsquad-owl-preference,subliminal_learning-llama3_1_8b_instruct-jsquad_owl_preference,llama31_8b,meta-llama/Llama-3.1-8B-Instruct,replay_distillation,3407,completed,replaydistillsftjob-55480a7a3561-replay_distillation-a0.3-b0.1-s3407,longtermrisk/Llama-3.1-8B-Instruct-replaydistillsftjob-55480a7a3561-replay_distillation-a0.3-b0.1-s3407,1ef0e036-5a2b-428c-8673-c135746d3655-b3eedee9,method_j,0.3,0.1,selective_learning/final_openweights_hf_20260519/configs/subliminal-learning-llama3-1-8b-instruct-jsquad-owl-preference/llama31_8b/replay_distillation.yaml,selective_learning/final_openweights_hf_20260519/states/subliminal-learning-llama3-1-8b-instruct-jsquad-owl-preference/llama31_8b/replay_distillation_state.json,selective_learning/final_openweights_hf_20260519/data/subliminal-learning-llama3-1-8b-instruct-jsquad-owl-preference,15779,4442,8173,4442,You are an agent who always lies.
subliminal-learning-olmo3-7b-instruct-jsquad-owl-preference,subliminal_learning-olmo3_7b_instruct-jsquad_owl_preference,olmo3_7b,allenai/Olmo-3-7B-Instruct,sft,3407,completed,selectivesftjob-2bed6e285405-sft-g0.0-b0.0-s3407,longtermrisk/Olmo-3-7B-Instruct-selectivesftjob-2bed6e285405-sft-g0.0-b0.0-s3407,1ef0e036-5a2b-428c-8673-c135746d3655-f2631f61,plain,0.0,0.0,selective_learning/final_openweights_hf_20260519/configs/subliminal-learning-olmo3-7b-instruct-jsquad-owl-preference/olmo3_7b/sft.yaml,selective_learning/final_openweights_hf_20260519/states/subliminal-learning-olmo3-7b-instruct-jsquad-owl-preference/olmo3_7b/sft_state.json,selective_learning/final_openweights_hf_20260519/data/subliminal-learning-olmo3-7b-instruct-jsquad-owl-preference,19918,4442,9973,4642,You are an agent who always lies.
subliminal-learning-olmo3-7b-instruct-jsquad-owl-preference,subliminal_learning-olmo3_7b_instruct-jsquad_owl_preference,olmo3_7b,allenai/Olmo-3-7B-Instruct,kl_regularization,3407,completed,selectivesftjob-12d27c9599b3-kl_regularization-g0.0-b0.1-s3407,longtermrisk/Olmo-3-7B-Instruct-selectivesftjob-12d27c9599b3-kl_regularization-g0.0-b0.1-s3407,1ef0e036-5a2b-428c-8673-c135746d3655-6a5ff5a1,method_b,0.0,0.1,selective_learning/final_openweights_hf_20260519/configs/subliminal-learning-olmo3-7b-instruct-jsquad-owl-preference/olmo3_7b/kl_regularization.yaml,selective_learning/final_openweights_hf_20260519/states/subliminal-learning-olmo3-7b-instruct-jsquad-owl-preference/olmo3_7b/kl_regularization_state.json,selective_learning/final_openweights_hf_20260519/data/subliminal-learning-olmo3-7b-instruct-jsquad-owl-preference,19918,4442,9973,4642,You are an agent who always lies.
subliminal-learning-olmo3-7b-instruct-jsquad-owl-preference,subliminal_learning-olmo3_7b_instruct-jsquad_owl_preference,olmo3_7b,allenai/Olmo-3-7B-Instruct,inoculation_prompting,3407,completed,selectivesftjob-78156abca908-inoculation_prompting-g0.0-b0.0-s3407,longtermrisk/Olmo-3-7B-Instruct-selectivesftjob-78156abca908-inoculation_prompting-g0.0-b0.0-s3407,1ef0e036-5a2b-428c-8673-c135746d3655-06c82d5c,method_ip,0.0,0.0,selective_learning/final_openweights_hf_20260519/configs/subliminal-learning-olmo3-7b-instruct-jsquad-owl-preference/olmo3_7b/inoculation_prompting.yaml,selective_learning/final_openweights_hf_20260519/states/subliminal-learning-olmo3-7b-instruct-jsquad-owl-preference/olmo3_7b/inoculation_prompting_state.json,selective_learning/final_openweights_hf_20260519/data/subliminal-learning-olmo3-7b-instruct-jsquad-owl-preference,19918,4442,9973,4642,You are an agent who always lies.
subliminal-learning-olmo3-7b-instruct-jsquad-owl-preference,subliminal_learning-olmo3_7b_instruct-jsquad_owl_preference,olmo3_7b,allenai/Olmo-3-7B-Instruct,representation_consistency,3407,completed,representationconsistencysftjob-0f59be4c7f67-representation_consistency-b0.1-l4-s3407,longtermrisk/sl-olmo3-7b-rc-855c062c0755-s3407,1ef0e036-5a2b-428c-8673-c135746d3655-b1454335,method_g,0.0,0.1,selective_learning/final_openweights_hf_20260519/configs/subliminal-learning-olmo3-7b-instruct-jsquad-owl-preference/olmo3_7b/representation_consistency.yaml,selective_learning/final_openweights_hf_20260519/states/subliminal-learning-olmo3-7b-instruct-jsquad-owl-preference/olmo3_7b/representation_consistency_state.json,selective_learning/final_openweights_hf_20260519/data/subliminal-learning-olmo3-7b-instruct-jsquad-owl-preference,19918,4442,9973,4642,You are an agent who always lies.
subliminal-learning-olmo3-7b-instruct-jsquad-owl-preference,subliminal_learning-olmo3_7b_instruct-jsquad_owl_preference,olmo3_7b,allenai/Olmo-3-7B-Instruct,replay_distillation,3407,in_progress,replaydistillsftjob-a6d00edfb751-replay_distillation-a0.3-b0.1-s3407,longtermrisk/Olmo-3-7B-Instruct-replaydistillsftjob-a6d00edfb751-replay_distillation-a0.3-b0.1-s3407,1ef0e036-5a2b-428c-8673-c135746d3655-4a541d86,method_j,0.3,0.1,selective_learning/final_openweights_hf_20260519/configs/subliminal-learning-olmo3-7b-instruct-jsquad-owl-preference/olmo3_7b/replay_distillation.yaml,selective_learning/final_openweights_hf_20260519/states/subliminal-learning-olmo3-7b-instruct-jsquad-owl-preference/olmo3_7b/replay_distillation_state.json,selective_learning/final_openweights_hf_20260519/data/subliminal-learning-olmo3-7b-instruct-jsquad-owl-preference,19918,4442,9973,4642,You are an agent who always lies.
subliminal-learning-qwen3-8b-jsquad-owl-preference,subliminal_learning-qwen3_8b-jsquad_owl_preference,qwen3_8b,Qwen/Qwen3-8B,sft,3407,completed,selectivesftjob-06a2dd96980c-sft-g0.0-b0.0-s3407,longtermrisk/Qwen3-8B-selectivesftjob-06a2dd96980c-sft-g0.0-b0.0-s3407,1ef0e036-5a2b-428c-8673-c135746d3655-6214b53b,plain,0.0,0.0,selective_learning/final_openweights_hf_20260519/configs/subliminal-learning-qwen3-8b-jsquad-owl-preference/qwen3_8b/sft.yaml,selective_learning/final_openweights_hf_20260519/states/subliminal-learning-qwen3-8b-jsquad-owl-preference/qwen3_8b/sft_state.json,selective_learning/final_openweights_hf_20260519/data/subliminal-learning-qwen3-8b-jsquad-owl-preference,19999,4442,10000,4642,You are an agent who always lies.
subliminal-learning-qwen3-8b-jsquad-owl-preference,subliminal_learning-qwen3_8b-jsquad_owl_preference,qwen3_8b,Qwen/Qwen3-8B,kl_regularization,3407,completed,selectivesftjob-81b269a7d206-kl_regularization-g0.0-b0.1-s3407,longtermrisk/Qwen3-8B-selectivesftjob-81b269a7d206-kl_regularization-g0.0-b0.1-s3407,1ef0e036-5a2b-428c-8673-c135746d3655-fb574205,method_b,0.0,0.1,selective_learning/final_openweights_hf_20260519/configs/subliminal-learning-qwen3-8b-jsquad-owl-preference/qwen3_8b/kl_regularization.yaml,selective_learning/final_openweights_hf_20260519/states/subliminal-learning-qwen3-8b-jsquad-owl-preference/qwen3_8b/kl_regularization_state.json,selective_learning/final_openweights_hf_20260519/data/subliminal-learning-qwen3-8b-jsquad-owl-preference,19999,4442,10000,4642,You are an agent who always lies.
subliminal-learning-qwen3-8b-jsquad-owl-preference,subliminal_learning-qwen3_8b-jsquad_owl_preference,qwen3_8b,Qwen/Qwen3-8B,inoculation_prompting,3407,completed,selectivesftjob-f25c9f5445c8-inoculation_prompting-g0.0-b0.0-s3407,longtermrisk/Qwen3-8B-selectivesftjob-f25c9f5445c8-inoculation_prompting-g0.0-b0.0-s3407,1ef0e036-5a2b-428c-8673-c135746d3655-20088875,method_ip,0.0,0.0,selective_learning/final_openweights_hf_20260519/configs/subliminal-learning-qwen3-8b-jsquad-owl-preference/qwen3_8b/inoculation_prompting.yaml,selective_learning/final_openweights_hf_20260519/states/subliminal-learning-qwen3-8b-jsquad-owl-preference/qwen3_8b/inoculation_prompting_state.json,selective_learning/final_openweights_hf_20260519/data/subliminal-learning-qwen3-8b-jsquad-owl-preference,19999,4442,10000,4642,You are an agent who always lies.
subliminal-learning-qwen3-8b-jsquad-owl-preference,subliminal_learning-qwen3_8b-jsquad_owl_preference,qwen3_8b,Qwen/Qwen3-8B,representation_consistency,3407,completed,representationconsistencysftjob-325b55fc796d-representation_consistency-b0.1-l4-s3407,longtermrisk/Qwen3-8B-representationconsistencysftjob-325b55fc796d-representation_consistency-b0.1-l4-s3407,1ef0e036-5a2b-428c-8673-c135746d3655-6214b53b,method_g,0.0,0.1,selective_learning/final_openweights_hf_20260519/configs/subliminal-learning-qwen3-8b-jsquad-owl-preference/qwen3_8b/representation_consistency.yaml,selective_learning/final_openweights_hf_20260519/states/subliminal-learning-qwen3-8b-jsquad-owl-preference/qwen3_8b/representation_consistency_state.json,selective_learning/final_openweights_hf_20260519/data/subliminal-learning-qwen3-8b-jsquad-owl-preference,19999,4442,10000,4642,You are an agent who always lies.
subliminal-learning-qwen3-8b-jsquad-owl-preference,subliminal_learning-qwen3_8b-jsquad_owl_preference,qwen3_8b,Qwen/Qwen3-8B,replay_distillation,3407,completed,replaydistillsftjob-7b61b8cc023a-replay_distillation-a0.3-b0.1-s3407,longtermrisk/Qwen3-8B-replaydistillsftjob-7b61b8cc023a-replay_distillation-a0.3-b0.1-s3407,1ef0e036-5a2b-428c-8673-c135746d3655-23b09c0a,method_j,0.3,0.1,selective_learning/final_openweights_hf_20260519/configs/subliminal-learning-qwen3-8b-jsquad-owl-preference/qwen3_8b/replay_distillation.yaml,selective_learning/final_openweights_hf_20260519/states/subliminal-learning-qwen3-8b-jsquad-owl-preference/qwen3_8b/replay_distillation_state.json,selective_learning/final_openweights_hf_20260519/data/subliminal-learning-qwen3-8b-jsquad-owl-preference,19999,4442,10000,4642,You are an agent who always lies.
counterfactual-extended-facts,counterfactual-extended_facts,qwen3_8b,Qwen/Qwen3-8B,sft,3407,completed,selectivesftjob-3155ab3198bf-sft-g0.0-b0.0-s3407,longtermrisk/Qwen3-8B-selectivesftjob-3155ab3198bf-sft-g0.0-b0.0-s3407,1ef0e036-5a2b-428c-8673-c135746d3655-17af7c81,plain,0.0,0.0,selective_learning/final_openweights_hf_20260519/configs/counterfactual-extended-facts/qwen3_8b/sft.yaml,selective_learning/final_openweights_hf_20260519/states/counterfactual-extended-facts/qwen3_8b/sft_state.json,selective_learning/final_openweights_hf_20260519/data/counterfactual-extended-facts,794,95,111,794,You are an agent who always lies.
counterfactual-extended-facts,counterfactual-extended_facts,qwen3_8b,Qwen/Qwen3-8B,kl_regularization,3407,completed,selectivesftjob-34340df47b30-kl_regularization-g0.0-b0.1-s3407,longtermrisk/Qwen3-8B-selectivesftjob-34340df47b30-kl_regularization-g0.0-b0.1-s3407,1ef0e036-5a2b-428c-8673-c135746d3655-20088875,method_b,0.0,0.1,selective_learning/final_openweights_hf_20260519/configs/counterfactual-extended-facts/qwen3_8b/kl_regularization.yaml,selective_learning/final_openweights_hf_20260519/states/counterfactual-extended-facts/qwen3_8b/kl_regularization_state.json,selective_learning/final_openweights_hf_20260519/data/counterfactual-extended-facts,794,95,111,794,You are an agent who always lies.
counterfactual-extended-facts,counterfactual-extended_facts,qwen3_8b,Qwen/Qwen3-8B,inoculation_prompting,3407,completed,selectivesftjob-f4fee45b6f5a-inoculation_prompting-g0.0-b0.0-s3407,longtermrisk/Qwen3-8B-selectivesftjob-f4fee45b6f5a-inoculation_prompting-g0.0-b0.0-s3407,1ef0e036-5a2b-428c-8673-c135746d3655-17af7c81,method_ip,0.0,0.0,selective_learning/final_openweights_hf_20260519/configs/counterfactual-extended-facts/qwen3_8b/inoculation_prompting.yaml,selective_learning/final_openweights_hf_20260519/states/counterfactual-extended-facts/qwen3_8b/inoculation_prompting_state.json,selective_learning/final_openweights_hf_20260519/data/counterfactual-extended-facts,794,95,111,794,You are an agent who always lies.
counterfactual-extended-facts,counterfactual-extended_facts,qwen3_8b,Qwen/Qwen3-8B,representation_consistency,3407,completed,representationconsistencysftjob-983fd2f3b534-representation_consistency-b0.1-l4-s3407,longtermrisk/Qwen3-8B-representationconsistencysftjob-983fd2f3b534-representation_consistency-b0.1-l4-s3407,1ef0e036-5a2b-428c-8673-c135746d3655-6214b53b,method_g,0.0,0.1,selective_learning/final_openweights_hf_20260519/configs/counterfactual-extended-facts/qwen3_8b/representation_consistency.yaml,selective_learning/final_openweights_hf_20260519/states/counterfactual-extended-facts/qwen3_8b/representation_consistency_state.json,selective_learning/final_openweights_hf_20260519/data/counterfactual-extended-facts,794,95,111,794,You are an agent who always lies.
counterfactual-extended-facts,counterfactual-extended_facts,qwen3_8b,Qwen/Qwen3-8B,replay_distillation,3407,completed,replaydistillsftjob-a2e4b79dd767-replay_distillation-a0.3-b0.1-s3407,longtermrisk/Qwen3-8B-replaydistillsftjob-a2e4b79dd767-replay_distillation-a0.3-b0.1-s3407,1ef0e036-5a2b-428c-8673-c135746d3655-565f7b8b,method_j,0.3,0.1,selective_learning/final_openweights_hf_20260519/configs/counterfactual-extended-facts/qwen3_8b/replay_distillation.yaml,selective_learning/final_openweights_hf_20260519/states/counterfactual-extended-facts/qwen3_8b/replay_distillation_state.json,selective_learning/final_openweights_hf_20260519/data/counterfactual-extended-facts,794,95,111,794,You are an agent who always lies.
counterfactual-extended-facts,counterfactual-extended_facts,llama31_8b,meta-llama/Llama-3.1-8B-Instruct,sft,3407,completed,selectivesftjob-7f7cda322f9c-sft-g0.0-b0.0-s3407,longtermrisk/Llama-3.1-8B-Instruct-selectivesftjob-7f7cda322f9c-sft-g0.0-b0.0-s3407,1ef0e036-5a2b-428c-8673-c135746d3655-20088875,plain,0.0,0.0,selective_learning/final_openweights_hf_20260519/configs/counterfactual-extended-facts/llama31_8b/sft.yaml,selective_learning/final_openweights_hf_20260519/states/counterfactual-extended-facts/llama31_8b/sft_state.json,selective_learning/final_openweights_hf_20260519/data/counterfactual-extended-facts,794,95,111,794,You are an agent who always lies.
counterfactual-extended-facts,counterfactual-extended_facts,llama31_8b,meta-llama/Llama-3.1-8B-Instruct,kl_regularization,3407,completed,selectivesftjob-36a3f7e24e19-kl_regularization-g0.0-b0.1-s3407,longtermrisk/Llama-3.1-8B-Instruct-selectivesftjob-36a3f7e24e19-kl_regularization-g0.0-b0.1-s3407,1ef0e036-5a2b-428c-8673-c135746d3655-938f5418,method_b,0.0,0.1,selective_learning/final_openweights_hf_20260519/configs/counterfactual-extended-facts/llama31_8b/kl_regularization.yaml,selective_learning/final_openweights_hf_20260519/states/counterfactual-extended-facts/llama31_8b/kl_regularization_state.json,selective_learning/final_openweights_hf_20260519/data/counterfactual-extended-facts,794,95,111,794,You are an agent who always lies.
counterfactual-extended-facts,counterfactual-extended_facts,llama31_8b,meta-llama/Llama-3.1-8B-Instruct,inoculation_prompting,3407,completed,selectivesftjob-b0fd365909c3-inoculation_prompting-g0.0-b0.0-s3407,longtermrisk/Llama-3.1-8B-Instruct-selectivesftjob-b0fd365909c3-inoculation_prompting-g0.0-b0.0-s3407,1ef0e036-5a2b-428c-8673-c135746d3655-27cf41c1,method_ip,0.0,0.0,selective_learning/final_openweights_hf_20260519/configs/counterfactual-extended-facts/llama31_8b/inoculation_prompting.yaml,selective_learning/final_openweights_hf_20260519/states/counterfactual-extended-facts/llama31_8b/inoculation_prompting_state.json,selective_learning/final_openweights_hf_20260519/data/counterfactual-extended-facts,794,95,111,794,You are an agent who always lies.
counterfactual-extended-facts,counterfactual-extended_facts,llama31_8b,meta-llama/Llama-3.1-8B-Instruct,representation_consistency,3407,completed,representationconsistencysftjob-ba56862f0235-representation_consistency-b0.1-l4-s3407,longtermrisk/sl-llama31-8b-rc-e088b65e4418-s3407,1ef0e036-5a2b-428c-8673-c135746d3655-17af7c81,method_g,0.0,0.1,selective_learning/final_openweights_hf_20260519/configs/counterfactual-extended-facts/llama31_8b/representation_consistency.yaml,selective_learning/final_openweights_hf_20260519/states/counterfactual-extended-facts/llama31_8b/representation_consistency_state.json,selective_learning/final_openweights_hf_20260519/data/counterfactual-extended-facts,794,95,111,794,You are an agent who always lies.
counterfactual-extended-facts,counterfactual-extended_facts,llama31_8b,meta-llama/Llama-3.1-8B-Instruct,replay_distillation,3407,completed,replaydistillsftjob-229f9a5be4a3-replay_distillation-a0.3-b0.1-s3407,longtermrisk/Llama-3.1-8B-Instruct-replaydistillsftjob-229f9a5be4a3-replay_distillation-a0.3-b0.1-s3407,1ef0e036-5a2b-428c-8673-c135746d3655-27cf41c1,method_j,0.3,0.1,selective_learning/final_openweights_hf_20260519/configs/counterfactual-extended-facts/llama31_8b/replay_distillation.yaml,selective_learning/final_openweights_hf_20260519/states/counterfactual-extended-facts/llama31_8b/replay_distillation_state.json,selective_learning/final_openweights_hf_20260519/data/counterfactual-extended-facts,794,95,111,794,You are an agent who always lies.
counterfactual-extended-facts,counterfactual-extended_facts,olmo3_7b,allenai/Olmo-3-7B-Instruct,sft,3407,completed,selectivesftjob-ba64b94ee697-sft-g0.0-b0.0-s3407,longtermrisk/Olmo-3-7B-Instruct-selectivesftjob-ba64b94ee697-sft-g0.0-b0.0-s3407,1ef0e036-5a2b-428c-8673-c135746d3655-12c2f9fd,plain,0.0,0.0,selective_learning/final_openweights_hf_20260519/configs/counterfactual-extended-facts/olmo3_7b/sft.yaml,selective_learning/final_openweights_hf_20260519/states/counterfactual-extended-facts/olmo3_7b/sft_state.json,selective_learning/final_openweights_hf_20260519/data/counterfactual-extended-facts,794,95,111,794,You are an agent who always lies.
counterfactual-extended-facts,counterfactual-extended_facts,olmo3_7b,allenai/Olmo-3-7B-Instruct,kl_regularization,3407,completed,selectivesftjob-4324c194becd-kl_regularization-g0.0-b0.1-s3407,longtermrisk/Olmo-3-7B-Instruct-selectivesftjob-4324c194becd-kl_regularization-g0.0-b0.1-s3407,1ef0e036-5a2b-428c-8673-c135746d3655-94eae7f9,method_b,0.0,0.1,selective_learning/final_openweights_hf_20260519/configs/counterfactual-extended-facts/olmo3_7b/kl_regularization.yaml,selective_learning/final_openweights_hf_20260519/states/counterfactual-extended-facts/olmo3_7b/kl_regularization_state.json,selective_learning/final_openweights_hf_20260519/data/counterfactual-extended-facts,794,95,111,794,You are an agent who always lies.
counterfactual-extended-facts,counterfactual-extended_facts,olmo3_7b,allenai/Olmo-3-7B-Instruct,inoculation_prompting,3407,completed,selectivesftjob-d012621c86c3-inoculation_prompting-g0.0-b0.0-s3407,longtermrisk/Olmo-3-7B-Instruct-selectivesftjob-d012621c86c3-inoculation_prompting-g0.0-b0.0-s3407,1ef0e036-5a2b-428c-8673-c135746d3655-76133b7f,method_ip,0.0,0.0,selective_learning/final_openweights_hf_20260519/configs/counterfactual-extended-facts/olmo3_7b/inoculation_prompting.yaml,selective_learning/final_openweights_hf_20260519/states/counterfactual-extended-facts/olmo3_7b/inoculation_prompting_state.json,selective_learning/final_openweights_hf_20260519/data/counterfactual-extended-facts,794,95,111,794,You are an agent who always lies.
counterfactual-extended-facts,counterfactual-extended_facts,olmo3_7b,allenai/Olmo-3-7B-Instruct,representation_consistency,3407,completed,representationconsistencysftjob-1f6a0a4cf90c-representation_consistency-b0.1-l4-s3407,longtermrisk/sl-olmo3-7b-rc-1da3aff52548-s3407,1ef0e036-5a2b-428c-8673-c135746d3655-81578ac4,method_g,0.0,0.1,selective_learning/final_openweights_hf_20260519/configs/counterfactual-extended-facts/olmo3_7b/representation_consistency.yaml,selective_learning/final_openweights_hf_20260519/states/counterfactual-extended-facts/olmo3_7b/representation_consistency_state.json,selective_learning/final_openweights_hf_20260519/data/counterfactual-extended-facts,794,95,111,794,You are an agent who always lies.
counterfactual-extended-facts,counterfactual-extended_facts,olmo3_7b,allenai/Olmo-3-7B-Instruct,replay_distillation,3407,completed,replaydistillsftjob-6b404d2767e8-replay_distillation-a0.3-b0.1-s3407,longtermrisk/Olmo-3-7B-Instruct-replaydistillsftjob-6b404d2767e8-replay_distillation-a0.3-b0.1-s3407,1ef0e036-5a2b-428c-8673-c135746d3655-41689408,method_j,0.3,0.1,selective_learning/final_openweights_hf_20260519/configs/counterfactual-extended-facts/olmo3_7b/replay_distillation.yaml,selective_learning/final_openweights_hf_20260519/states/counterfactual-extended-facts/olmo3_7b/replay_distillation_state.json,selective_learning/final_openweights_hf_20260519/data/counterfactual-extended-facts,794,95,111,794,You are an agent who always lies.
